,trip_date,time_indicator,trips,Day,Weekday ,Holiday ,Month,Season
581,1/1/19,PM Period,6529,TUESDAY,WEEKDAY,1,1,Spring
718,1/1/19,Night,14747,TUESDAY,WEEKDAY,1,1,Spring
1249,1/1/19,Lunch Period,3785,TUESDAY,WEEKDAY,1,1,Spring
1308,1/1/19,AM Period,3039,TUESDAY,WEEKDAY,1,1,Spring
1,2/1/19,Lunch Period,7075,WEDNESDAY,WEEKDAY,0,1,Spring
721,2/1/19,PM Period,13941,WEDNESDAY,WEEKDAY,0,1,Spring
942,2/1/19,Night,5474,WEDNESDAY,WEEKDAY,0,1,Spring
992,2/1/19,AM Period,7205,WEDNESDAY,WEEKDAY,0,1,Spring
837,3/1/19,Lunch Period,8290,THURSDAY,WEEKDAY,0,1,Spring
1041,3/1/19,Night,6471,THURSDAY,WEEKDAY,0,1,Spring
1055,3/1/19,PM Period,16078,THURSDAY,WEEKDAY,0,1,Spring
1356,3/1/19,AM Period,8173,THURSDAY,WEEKDAY,0,1,Spring
522,4/1/19,PM Period,16681,FRIDAY,WEEKDAY,0,1,Spring
672,4/1/19,Night,7889,FRIDAY,WEEKDAY,0,1,Spring
1204,4/1/19,Lunch Period,8287,FRIDAY,WEEKDAY,0,1,Spring
1305,4/1/19,AM Period,8028,FRIDAY,WEEKDAY,0,1,Spring
6,5/1/19,AM Period,3145,SATURDAY,WEEKEND,0,1,Spring
529,5/1/19,Night,10199,SATURDAY,WEEKEND,0,1,Spring
624,5/1/19,Lunch Period,4568,SATURDAY,WEEKEND,0,1,Spring
1209,5/1/19,PM Period,9745,SATURDAY,WEEKEND,0,1,Spring
116,6/1/19,PM Period,8182,SUNDAY,WEEKEND,0,1,Spring
739,6/1/19,AM Period,3437,SUNDAY,WEEKEND,0,1,Spring
1348,6/1/19,Night,10442,SUNDAY,WEEKEND,0,1,Spring
1360,6/1/19,Lunch Period,4765,SUNDAY,WEEKEND,0,1,Spring
8,7/1/19,AM Period,11031,MONDAY,WEEKDAY,0,1,Spring
835,7/1/19,Night,5926,MONDAY,WEEKDAY,0,1,Spring
997,7/1/19,PM Period,14933,MONDAY,WEEKDAY,0,1,Spring
1358,7/1/19,Lunch Period,8644,MONDAY,WEEKDAY,0,1,Spring
674,8/1/19,Lunch Period,9316,TUESDAY,WEEKDAY,0,1,Spring
834,8/1/19,AM Period,10017,TUESDAY,WEEKDAY,0,1,Spring
1113,8/1/19,Night,6465,TUESDAY,WEEKDAY,0,1,Spring
1307,8/1/19,PM Period,17192,TUESDAY,WEEKDAY,0,1,Spring
58,9/1/19,Night,7988,WEDNESDAY,WEEKDAY,0,1,Spring
946,9/1/19,Lunch Period,10317,WEDNESDAY,WEEKDAY,0,1,Spring
1056,9/1/19,AM Period,11027,WEDNESDAY,WEEKDAY,0,1,Spring
1103,9/1/19,PM Period,20076,WEDNESDAY,WEEKDAY,0,1,Spring
109,10/1/19,PM Period,20975,THURSDAY,WEEKDAY,0,1,Spring
519,10/1/19,Night,9275,THURSDAY,WEEKDAY,0,1,Spring
720,10/1/19,Lunch Period,10972,THURSDAY,WEEKDAY,0,1,Spring
823,10/1/19,AM Period,11679,THURSDAY,WEEKDAY,0,1,Spring
64,11/1/19,AM Period,10355,FRIDAY,WEEKDAY,0,1,Spring
257,11/1/19,PM Period,20860,FRIDAY,WEEKDAY,0,1,Spring
885,11/1/19,Night,10216,FRIDAY,WEEKDAY,0,1,Spring
944,11/1/19,Lunch Period,10526,FRIDAY,WEEKDAY,0,1,Spring
252,12/1/19,PM Period,10454,SATURDAY,WEEKEND,0,1,Spring
429,12/1/19,Lunch Period,5104,SATURDAY,WEEKEND,0,1,Spring
1043,12/1/19,Night,12236,SATURDAY,WEEKEND,0,1,Spring
1201,12/1/19,AM Period,3538,SATURDAY,WEEKEND,0,1,Spring
475,13/1/19,Lunch Period,3899,SUNDAY,WEEKEND,0,1,Spring
722,13/1/19,Night,9774,SUNDAY,WEEKEND,0,1,Spring
993,13/1/19,PM Period,7219,SUNDAY,WEEKEND,0,1,Spring
1208,13/1/19,AM Period,3338,SUNDAY,WEEKEND,0,1,Spring
211,14/1/19,Lunch Period,8783,MONDAY,WEEKDAY,0,1,Spring
369,14/1/19,PM Period,16704,MONDAY,WEEKDAY,0,1,Spring
1005,14/1/19,Night,6008,MONDAY,WEEKDAY,0,1,Spring
1410,14/1/19,AM Period,10366,MONDAY,WEEKDAY,0,1,Spring
154,15/1/19,Lunch Period,10295,TUESDAY,WEEKDAY,0,1,Spring
516,15/1/19,PM Period,19119,TUESDAY,WEEKDAY,0,1,Spring
836,15/1/19,AM Period,10890,TUESDAY,WEEKDAY,0,1,Spring
1419,15/1/19,Night,7513,TUESDAY,WEEKDAY,0,1,Spring
53,16/1/19,AM Period,11291,WEDNESDAY,WEEKDAY,0,1,Spring
55,16/1/19,PM Period,19884,WEDNESDAY,WEEKDAY,0,1,Spring
166,16/1/19,Night,8302,WEDNESDAY,WEEKDAY,0,1,Spring
887,16/1/19,Lunch Period,10814,WEDNESDAY,WEEKDAY,0,1,Spring
420,17/1/19,AM Period,11135,THURSDAY,WEEKDAY,0,1,Spring
518,17/1/19,PM Period,20576,THURSDAY,WEEKDAY,0,1,Spring
719,17/1/19,Lunch Period,11089,THURSDAY,WEEKDAY,0,1,Spring
1146,17/1/19,Night,9876,THURSDAY,WEEKDAY,0,1,Spring
2,18/1/19,PM Period,20023,FRIDAY,WEEKDAY,0,1,Spring
255,18/1/19,Night,9475,FRIDAY,WEEKDAY,0,1,Spring
376,18/1/19,Lunch Period,10986,FRIDAY,WEEKDAY,0,1,Spring
1349,18/1/19,AM Period,10387,FRIDAY,WEEKDAY,0,1,Spring
577,19/1/19,Night,11019,SATURDAY,WEEKEND,0,1,Spring
667,19/1/19,AM Period,3241,SATURDAY,WEEKEND,0,1,Spring
717,19/1/19,Lunch Period,4335,SATURDAY,WEEKEND,0,1,Spring
888,19/1/19,PM Period,9926,SATURDAY,WEEKEND,0,1,Spring
258,20/1/19,AM Period,3727,SUNDAY,WEEKEND,0,1,Spring
261,20/1/19,Night,10464,SUNDAY,WEEKEND,0,1,Spring
726,20/1/19,PM Period,7998,SUNDAY,WEEKEND,0,1,Spring
1412,20/1/19,Lunch Period,4483,SUNDAY,WEEKEND,0,1,Spring
320,21/1/19,Night,6131,MONDAY,WEEKDAY,1,1,Spring
883,21/1/19,AM Period,6509,MONDAY,WEEKDAY,1,1,Spring
1096,21/1/19,PM Period,12214,MONDAY,WEEKDAY,1,1,Spring
1111,21/1/19,Lunch Period,6427,MONDAY,WEEKDAY,1,1,Spring
159,22/1/19,PM Period,20044,TUESDAY,WEEKDAY,0,1,Spring
995,22/1/19,Night,7573,TUESDAY,WEEKDAY,0,1,Spring
1145,22/1/19,Lunch Period,10349,TUESDAY,WEEKDAY,0,1,Spring
1413,22/1/19,AM Period,11885,TUESDAY,WEEKDAY,0,1,Spring
430,23/1/19,Night,9532,WEDNESDAY,WEEKDAY,0,1,Spring
431,23/1/19,PM Period,20668,WEDNESDAY,WEEKDAY,0,1,Spring
627,23/1/19,Lunch Period,10684,WEDNESDAY,WEEKDAY,0,1,Spring
668,23/1/19,AM Period,12284,WEDNESDAY,WEEKDAY,0,1,Spring
157,24/1/19,PM Period,22395,THURSDAY,WEEKDAY,0,1,Spring
419,24/1/19,AM Period,12199,THURSDAY,WEEKDAY,0,1,Spring
886,24/1/19,Night,10465,THURSDAY,WEEKDAY,0,1,Spring
1244,24/1/19,Lunch Period,11683,THURSDAY,WEEKDAY,0,1,Spring
113,25/1/19,PM Period,19786,FRIDAY,WEEKDAY,0,1,Spring
155,25/1/19,Night,10033,FRIDAY,WEEKDAY,0,1,Spring
1042,25/1/19,AM Period,11969,FRIDAY,WEEKDAY,0,1,Spring
1346,25/1/19,Lunch Period,10858,FRIDAY,WEEKDAY,0,1,Spring
67,26/1/19,Lunch Period,4844,SATURDAY,WEEKEND,0,1,Spring
78,26/1/19,AM Period,3485,SATURDAY,WEEKEND,0,1,Spring
1057,26/1/19,Night,10710,SATURDAY,WEEKEND,0,1,Spring
1210,26/1/19,PM Period,10626,SATURDAY,WEEKEND,0,1,Spring
838,27/1/19,Lunch Period,4255,SUNDAY,WEEKEND,0,1,Spring
1114,27/1/19,AM Period,3543,SUNDAY,WEEKEND,0,1,Spring
1216,27/1/19,PM Period,7851,SUNDAY,WEEKEND,0,1,Spring
1359,27/1/19,Night,9812,SUNDAY,WEEKEND,0,1,Spring
669,28/1/19,PM Period,16518,MONDAY,WEEKDAY,0,1,Spring
727,28/1/19,Lunch Period,7289,MONDAY,WEEKDAY,0,1,Spring
1112,28/1/19,Night,6731,MONDAY,WEEKDAY,0,1,Spring
1163,28/1/19,AM Period,8807,MONDAY,WEEKDAY,0,1,Spring
69,29/1/19,Night,5978,TUESDAY,WEEKDAY,0,1,Spring
259,29/1/19,Lunch Period,9259,TUESDAY,WEEKDAY,0,1,Spring
441,29/1/19,PM Period,17767,TUESDAY,WEEKDAY,0,1,Spring
1252,29/1/19,AM Period,11534,TUESDAY,WEEKDAY,0,1,Spring
68,30/1/19,Lunch Period,2493,WEDNESDAY,WEEKDAY,0,1,Spring
484,30/1/19,Night,2698,WEDNESDAY,WEEKDAY,0,1,Spring
1156,30/1/19,AM Period,3721,WEDNESDAY,WEEKDAY,0,1,Spring
1174,30/1/19,PM Period,5117,WEDNESDAY,WEEKDAY,0,1,Spring
77,31/1/19,Lunch Period,5375,THURSDAY,WEEKDAY,0,1,Spring
619,31/1/19,PM Period,11923,THURSDAY,WEEKDAY,0,1,Spring
1352,31/1/19,Night,5276,THURSDAY,WEEKDAY,0,1,Spring
1422,31/1/19,AM Period,5993,THURSDAY,WEEKDAY,0,1,Spring
110,1/2/19,Lunch Period,10413,FRIDAY,WEEKDAY,0,2,Spring
160,1/2/19,PM Period,20668,FRIDAY,WEEKDAY,0,2,Spring
521,1/2/19,AM Period,11360,FRIDAY,WEEKDAY,0,2,Spring
890,1/2/19,Night,9328,FRIDAY,WEEKDAY,0,2,Spring
375,2/2/19,Night,11143,SATURDAY,WEEKEND,0,2,Spring
724,2/2/19,PM Period,9603,SATURDAY,WEEKEND,0,2,Spring
1202,2/2/19,Lunch Period,4618,SATURDAY,WEEKEND,0,2,Spring
1420,2/2/19,AM Period,3622,SATURDAY,WEEKEND,0,2,Spring
15,3/2/19,Night,10642,SUNDAY,WEEKEND,0,2,Spring
158,3/2/19,PM Period,7132,SUNDAY,WEEKEND,0,2,Spring
772,3/2/19,Lunch Period,3566,SUNDAY,WEEKEND,0,2,Spring
1203,3/2/19,AM Period,3277,SUNDAY,WEEKEND,0,2,Spring
156,4/2/19,Lunch Period,9275,MONDAY,WEEKDAY,0,2,Spring
617,4/2/19,AM Period,10952,MONDAY,WEEKDAY,0,2,Spring
631,4/2/19,Night,7134,MONDAY,WEEKDAY,0,2,Spring
1038,4/2/19,PM Period,17752,MONDAY,WEEKDAY,0,2,Spring
167,5/2/19,Night,7385,TUESDAY,WEEKDAY,0,2,Spring
270,5/2/19,PM Period,19661,TUESDAY,WEEKDAY,0,2,Spring
723,5/2/19,AM Period,11465,TUESDAY,WEEKDAY,0,2,Spring
1416,5/2/19,Lunch Period,10459,TUESDAY,WEEKDAY,0,2,Spring
527,6/2/19,Lunch Period,10568,WEDNESDAY,WEEKDAY,0,2,Spring
1154,6/2/19,Night,8947,WEDNESDAY,WEEKDAY,0,2,Spring
1157,6/2/19,PM Period,20017,WEDNESDAY,WEEKDAY,0,2,Spring
1258,6/2/19,AM Period,11419,WEDNESDAY,WEEKDAY,0,2,Spring
153,7/2/19,Night,11315,THURSDAY,WEEKDAY,0,2,Spring
825,7/2/19,AM Period,12482,THURSDAY,WEEKDAY,0,2,Spring
830,7/2/19,Lunch Period,11982,THURSDAY,WEEKDAY,0,2,Spring
1048,7/2/19,PM Period,22825,THURSDAY,WEEKDAY,0,2,Spring
264,8/2/19,Night,10592,FRIDAY,WEEKDAY,0,2,Spring
321,8/2/19,Lunch Period,11844,FRIDAY,WEEKDAY,0,2,Spring
955,8/2/19,AM Period,12726,FRIDAY,WEEKDAY,0,2,Spring
1354,8/2/19,PM Period,23546,FRIDAY,WEEKDAY,0,2,Spring
832,9/2/19,PM Period,11447,SATURDAY,WEEKEND,0,2,Spring
891,9/2/19,Night,11907,SATURDAY,WEEKEND,0,2,Spring
1046,9/2/19,Lunch Period,5224,SATURDAY,WEEKEND,0,2,Spring
1306,9/2/19,AM Period,3753,SATURDAY,WEEKEND,0,2,Spring
57,10/2/19,PM Period,7407,SUNDAY,WEEKEND,0,2,Spring
433,10/2/19,Lunch Period,4405,SUNDAY,WEEKEND,0,2,Spring
941,10/2/19,Night,11103,SUNDAY,WEEKEND,0,2,Spring
1353,10/2/19,AM Period,3648,SUNDAY,WEEKEND,0,2,Spring
70,11/2/19,AM Period,11111,MONDAY,WEEKDAY,0,2,Spring
435,11/2/19,Lunch Period,9778,MONDAY,WEEKDAY,0,2,Spring
483,11/2/19,PM Period,18573,MONDAY,WEEKDAY,0,2,Spring
994,11/2/19,Night,7742,MONDAY,WEEKDAY,0,2,Spring
10,12/2/19,AM Period,11664,TUESDAY,WEEKDAY,1,2,Spring
161,12/2/19,Night,9254,TUESDAY,WEEKDAY,1,2,Spring
773,12/2/19,Lunch Period,10369,TUESDAY,WEEKDAY,1,2,Spring
1053,12/2/19,PM Period,20641,TUESDAY,WEEKDAY,1,2,Spring
108,13/2/19,AM Period,12854,WEDNESDAY,WEEKDAY,0,2,Spring
1000,13/2/19,Lunch Period,11721,WEDNESDAY,WEEKDAY,0,2,Spring
1050,13/2/19,PM Period,21644,WEDNESDAY,WEEKDAY,0,2,Spring
1351,13/2/19,Night,9110,WEDNESDAY,WEEKDAY,0,2,Spring
374,14/2/19,Night,9508,THURSDAY,WEEKDAY,0,2,Spring
421,14/2/19,AM Period,10585,THURSDAY,WEEKDAY,0,2,Spring
771,14/2/19,Lunch Period,11011,THURSDAY,WEEKDAY,0,2,Spring
1049,14/2/19,PM Period,21182,THURSDAY,WEEKDAY,0,2,Spring
5,15/2/19,AM Period,11564,FRIDAY,WEEKDAY,0,2,Spring
168,15/2/19,Lunch Period,11662,FRIDAY,WEEKDAY,0,2,Spring
267,15/2/19,PM Period,22849,FRIDAY,WEEKDAY,0,2,Spring
1039,15/2/19,Night,10828,FRIDAY,WEEKDAY,0,2,Spring
71,16/2/19,Lunch Period,5911,SATURDAY,WEEKEND,0,2,Spring
623,16/2/19,PM Period,13440,SATURDAY,WEEKEND,0,2,Spring
725,16/2/19,AM Period,3800,SATURDAY,WEEKEND,0,2,Spring
728,16/2/19,Night,13725,SATURDAY,WEEKEND,0,2,Spring
422,17/2/19,Night,12597,SUNDAY,WEEKEND,0,2,Spring
436,17/2/19,AM Period,3967,SUNDAY,WEEKEND,0,2,Spring
1243,17/2/19,PM Period,9091,SUNDAY,WEEKEND,0,2,Spring
1417,17/2/19,Lunch Period,5062,SUNDAY,WEEKEND,0,2,Spring
269,18/2/19,AM Period,8032,MONDAY,WEEKDAY,1,2,Spring
670,18/2/19,Night,8178,MONDAY,WEEKDAY,1,2,Spring
677,18/2/19,PM Period,13612,MONDAY,WEEKDAY,1,2,Spring
1002,18/2/19,Lunch Period,7547,MONDAY,WEEKDAY,1,2,Spring
268,19/2/19,AM Period,12056,TUESDAY,WEEKDAY,0,2,Spring
824,19/2/19,PM Period,20057,TUESDAY,WEEKDAY,0,2,Spring
1058,19/2/19,Lunch Period,10393,TUESDAY,WEEKDAY,0,2,Spring
1159,19/2/19,Night,8215,TUESDAY,WEEKDAY,0,2,Spring
62,20/2/19,Night,9435,WEDNESDAY,WEEKDAY,0,2,Spring
517,20/2/19,PM Period,22255,WEDNESDAY,WEEKDAY,0,2,Spring
827,20/2/19,AM Period,12879,WEDNESDAY,WEEKDAY,0,2,Spring
1160,20/2/19,Lunch Period,11715,WEDNESDAY,WEEKDAY,0,2,Spring
996,21/2/19,Lunch Period,11736,THURSDAY,WEEKDAY,0,2,Spring
1155,21/2/19,AM Period,13076,THURSDAY,WEEKDAY,0,2,Spring
1246,21/2/19,PM Period,24166,THURSDAY,WEEKDAY,0,2,Spring
1304,21/2/19,Night,11977,THURSDAY,WEEKDAY,0,2,Spring
262,22/2/19,PM Period,24779,FRIDAY,WEEKDAY,0,2,Spring
266,22/2/19,AM Period,11937,FRIDAY,WEEKDAY,0,2,Spring
1350,22/2/19,Night,13262,FRIDAY,WEEKDAY,0,2,Spring
1357,22/2/19,Lunch Period,12031,FRIDAY,WEEKDAY,0,2,Spring
272,23/2/19,Lunch Period,7610,SATURDAY,WEEKEND,0,2,Spring
531,23/2/19,AM Period,5105,SATURDAY,WEEKEND,0,2,Spring
730,23/2/19,PM Period,14097,SATURDAY,WEEKEND,0,2,Spring
1311,23/2/19,Night,14411,SATURDAY,WEEKEND,0,2,Spring
253,24/2/19,PM Period,8955,SUNDAY,WEEKEND,0,2,Spring
256,24/2/19,Night,11760,SUNDAY,WEEKEND,0,2,Spring
662,24/2/19,Lunch Period,5241,SUNDAY,WEEKEND,0,2,Spring
1253,24/2/19,AM Period,4284,SUNDAY,WEEKEND,0,2,Spring
327,25/2/19,AM Period,12164,MONDAY,WEEKDAY,0,2,Spring
892,25/2/19,Night,7446,MONDAY,WEEKDAY,0,2,Spring
1151,25/2/19,PM Period,18904,MONDAY,WEEKDAY,0,2,Spring
1423,25/2/19,Lunch Period,9962,MONDAY,WEEKDAY,0,2,Spring
212,26/2/19,PM Period,21073,TUESDAY,WEEKDAY,0,2,Spring
265,26/2/19,AM Period,12194,TUESDAY,WEEKDAY,0,2,Spring
324,26/2/19,Lunch Period,10831,TUESDAY,WEEKDAY,0,2,Spring
580,26/2/19,Night,8760,TUESDAY,WEEKDAY,0,2,Spring
216,27/2/19,Night,9480,WEDNESDAY,WEEKDAY,0,2,Spring
828,27/2/19,Lunch Period,11313,WEDNESDAY,WEEKDAY,0,2,Spring
999,27/2/19,AM Period,12324,WEDNESDAY,WEEKDAY,0,2,Spring
1102,27/2/19,PM Period,22121,WEDNESDAY,WEEKDAY,0,2,Spring
325,28/2/19,PM Period,24311,THURSDAY,WEEKDAY,0,2,Spring
377,28/2/19,AM Period,12420,THURSDAY,WEEKDAY,0,2,Spring
523,28/2/19,Night,10595,THURSDAY,WEEKDAY,0,2,Spring
671,28/2/19,Lunch Period,12228,THURSDAY,WEEKDAY,0,2,Spring
54,1/3/19,Lunch Period,12578,FRIDAY,WEEKDAY,0,3,Spring
162,1/3/19,Night,11889,FRIDAY,WEEKDAY,0,3,Spring
373,1/3/19,PM Period,24266,FRIDAY,WEEKDAY,0,3,Spring
1411,1/3/19,AM Period,11445,FRIDAY,WEEKDAY,0,3,Spring
213,2/3/19,Night,14065,SATURDAY,WEEKEND,0,3,Spring
214,2/3/19,Lunch Period,5870,SATURDAY,WEEKEND,0,3,Spring
775,2/3/19,PM Period,13605,SATURDAY,WEEKEND,0,3,Spring
1101,2/3/19,AM Period,5159,SATURDAY,WEEKEND,0,3,Spring
379,3/3/19,Lunch Period,5872,SUNDAY,WEEKEND,0,3,Spring
481,3/3/19,AM Period,5508,SUNDAY,WEEKEND,0,3,Spring
666,3/3/19,Night,13282,SUNDAY,WEEKEND,0,3,Spring
1059,3/3/19,PM Period,11998,SUNDAY,WEEKEND,0,3,Spring
1051,4/3/19,Lunch Period,11505,MONDAY,WEEKDAY,1,3,Spring
1152,4/3/19,Night,9390,MONDAY,WEEKDAY,1,3,Spring
1309,4/3/19,AM Period,13815,MONDAY,WEEKDAY,1,3,Spring
1414,4/3/19,PM Period,23099,MONDAY,WEEKDAY,1,3,Spring
59,5/3/19,Lunch Period,12682,TUESDAY,WEEKDAY,0,3,Spring
319,5/3/19,AM Period,14017,TUESDAY,WEEKDAY,0,3,Spring
664,5/3/19,PM Period,23802,TUESDAY,WEEKDAY,0,3,Spring
1303,5/3/19,Night,9735,TUESDAY,WEEKDAY,0,3,Spring
63,6/3/19,AM Period,13209,WEDNESDAY,WEEKDAY,0,3,Spring
424,6/3/19,Lunch Period,11949,WEDNESDAY,WEEKDAY,0,3,Spring
621,6/3/19,PM Period,22552,WEDNESDAY,WEEKDAY,0,3,Spring
889,6/3/19,Night,9773,WEDNESDAY,WEEKDAY,0,3,Spring
378,7/3/19,Lunch Period,12185,THURSDAY,WEEKDAY,0,3,Spring
1245,7/3/19,Night,11009,THURSDAY,WEEKDAY,0,3,Spring
1248,7/3/19,PM Period,23622,THURSDAY,WEEKDAY,0,3,Spring
1251,7/3/19,AM Period,12596,THURSDAY,WEEKDAY,0,3,Spring
61,8/3/19,PM Period,20976,FRIDAY,WEEKDAY,0,3,Spring
210,8/3/19,Night,11157,FRIDAY,WEEKDAY,0,3,Spring
1347,8/3/19,AM Period,11059,FRIDAY,WEEKDAY,0,3,Spring
1418,8/3/19,Lunch Period,11063,FRIDAY,WEEKDAY,0,3,Spring
0,9/3/19,AM Period,3658,SATURDAY,WEEKEND,0,3,Spring
990,9/3/19,Night,12421,SATURDAY,WEEKEND,0,3,Spring
1052,9/3/19,Lunch Period,5398,SATURDAY,WEEKEND,0,3,Spring
1104,9/3/19,PM Period,12143,SATURDAY,WEEKEND,0,3,Spring
114,10/3/19,Lunch Period,4535,SUNDAY,WEEKEND,0,3,Spring
663,10/3/19,PM Period,8461,SUNDAY,WEEKEND,0,3,Spring
822,10/3/19,Night,10736,SUNDAY,WEEKEND,0,3,Spring
991,10/3/19,AM Period,3816,SUNDAY,WEEKEND,0,3,Spring
476,11/3/19,AM Period,11506,MONDAY,WEEKDAY,0,3,Spring
1105,11/3/19,Night,8039,MONDAY,WEEKDAY,0,3,Spring
1153,11/3/19,PM Period,18400,MONDAY,WEEKDAY,0,3,Spring
1415,11/3/19,Lunch Period,9834,MONDAY,WEEKDAY,0,3,Spring
524,12/3/19,AM Period,11894,TUESDAY,WEEKDAY,0,3,Spring
537,12/3/19,Lunch Period,10508,TUESDAY,WEEKDAY,0,3,Spring
1147,12/3/19,Night,9035,TUESDAY,WEEKDAY,0,3,Spring
1250,12/3/19,PM Period,20199,TUESDAY,WEEKDAY,0,3,Spring
371,13/3/19,AM Period,12951,WEDNESDAY,WEEKDAY,0,3,Spring
783,13/3/19,Lunch Period,11809,WEDNESDAY,WEEKDAY,0,3,Spring
1040,13/3/19,Night,9967,WEDNESDAY,WEEKDAY,0,3,Spring
1097,13/3/19,PM Period,20313,WEDNESDAY,WEEKDAY,0,3,Spring
432,14/3/19,Lunch Period,13421,THURSDAY,WEEKDAY,0,3,Spring
434,14/3/19,AM Period,12533,THURSDAY,WEEKDAY,0,3,Spring
525,14/3/19,Night,12487,THURSDAY,WEEKDAY,0,3,Spring
630,14/3/19,PM Period,22818,THURSDAY,WEEKDAY,0,3,Spring
66,15/3/19,PM Period,24644,FRIDAY,WEEKDAY,0,3,Spring
323,15/3/19,AM Period,12607,FRIDAY,WEEKDAY,0,3,Spring
998,15/3/19,Lunch Period,13626,FRIDAY,WEEKDAY,0,3,Spring
1099,15/3/19,Night,13746,FRIDAY,WEEKDAY,0,3,Spring
326,16/3/19,Night,20181,SATURDAY,WEEKEND,0,3,Spring
768,16/3/19,PM Period,22531,SATURDAY,WEEKEND,0,3,Spring
1054,16/3/19,AM Period,6621,SATURDAY,WEEKEND,0,3,Spring
1355,16/3/19,Lunch Period,9607,SATURDAY,WEEKEND,0,3,Spring
251,17/3/19,PM Period,10733,SUNDAY,WEEKEND,0,3,Spring
729,17/3/19,Lunch Period,5593,SUNDAY,WEEKEND,0,3,Spring
1001,17/3/19,AM Period,4773,SUNDAY,WEEKEND,0,3,Spring
1302,17/3/19,Night,14203,SUNDAY,WEEKEND,0,3,Spring
380,18/3/19,Lunch Period,10484,MONDAY,WEEKDAY,0,3,Spring
622,18/3/19,PM Period,19243,MONDAY,WEEKDAY,0,3,Spring
673,18/3/19,Night,8164,MONDAY,WEEKDAY,0,3,Spring
1098,18/3/19,AM Period,12329,MONDAY,WEEKDAY,0,3,Spring
117,19/3/19,Lunch Period,10664,TUESDAY,WEEKDAY,0,3,Spring
576,19/3/19,PM Period,19892,TUESDAY,WEEKDAY,0,3,Spring
579,19/3/19,AM Period,11886,TUESDAY,WEEKDAY,0,3,Spring
1211,19/3/19,Night,8461,TUESDAY,WEEKDAY,0,3,Spring
111,20/3/19,Lunch Period,11953,WEDNESDAY,WEEKDAY,0,3,Spring
665,20/3/19,Night,9606,WEDNESDAY,WEEKDAY,0,3,Spring
769,20/3/19,PM Period,21611,WEDNESDAY,WEEKDAY,0,3,Spring
831,20/3/19,AM Period,13583,WEDNESDAY,WEEKDAY,0,3,Spring
260,21/3/19,Lunch Period,12073,THURSDAY,WEEKDAY,0,3,Spring
425,21/3/19,Night,10331,THURSDAY,WEEKDAY,0,3,Spring
477,21/3/19,PM Period,22963,THURSDAY,WEEKDAY,0,3,Spring
767,21/3/19,AM Period,12593,THURSDAY,WEEKDAY,0,3,Spring
112,22/3/19,PM Period,22807,FRIDAY,WEEKDAY,0,3,Spring
381,22/3/19,Night,11590,FRIDAY,WEEKDAY,0,3,Spring
526,22/3/19,AM Period,10640,FRIDAY,WEEKDAY,0,3,Spring
1044,22/3/19,Lunch Period,11419,FRIDAY,WEEKDAY,0,3,Spring
56,23/3/19,AM Period,4092,SATURDAY,WEEKEND,0,3,Spring
582,23/3/19,PM Period,13081,SATURDAY,WEEKEND,0,3,Spring
774,23/3/19,Night,13077,SATURDAY,WEEKEND,0,3,Spring
947,23/3/19,Lunch Period,6210,SATURDAY,WEEKEND,0,3,Spring
209,24/3/19,AM Period,4725,SUNDAY,WEEKEND,0,3,Spring
215,24/3/19,PM Period,9908,SUNDAY,WEEKEND,0,3,Spring
625,24/3/19,Lunch Period,5574,SUNDAY,WEEKEND,0,3,Spring
1045,24/3/19,Night,11465,SUNDAY,WEEKEND,0,3,Spring
65,25/3/19,Lunch Period,9207,MONDAY,WEEKDAY,0,3,Spring
620,25/3/19,PM Period,17372,MONDAY,WEEKDAY,0,3,Spring
833,25/3/19,Night,7343,MONDAY,WEEKDAY,0,3,Spring
1148,25/3/19,AM Period,10466,MONDAY,WEEKDAY,0,3,Spring
115,26/3/19,AM Period,10403,TUESDAY,WEEKDAY,0,3,Spring
370,26/3/19,Lunch Period,9970,TUESDAY,WEEKDAY,0,3,Spring
826,26/3/19,PM Period,18885,TUESDAY,WEEKDAY,0,3,Spring
1247,26/3/19,Night,8318,TUESDAY,WEEKDAY,0,3,Spring
164,27/3/19,Lunch Period,10282,WEDNESDAY,WEEKDAY,0,3,Spring
427,27/3/19,PM Period,19132,WEDNESDAY,WEEKDAY,0,3,Spring
428,27/3/19,AM Period,10548,WEDNESDAY,WEEKDAY,0,3,Spring
1421,27/3/19,Night,8588,WEDNESDAY,WEEKDAY,0,3,Spring
163,28/3/19,Night,10171,THURSDAY,WEEKDAY,0,3,Spring
328,28/3/19,Lunch Period,10241,THURSDAY,WEEKDAY,0,3,Spring
1158,28/3/19,AM Period,10011,THURSDAY,WEEKDAY,0,3,Spring
1207,28/3/19,PM Period,20986,THURSDAY,WEEKDAY,0,3,Spring
165,29/3/19,AM Period,9417,FRIDAY,WEEKDAY,0,3,Spring
372,29/3/19,Lunch Period,10362,FRIDAY,WEEKDAY,0,3,Spring
884,29/3/19,Night,12533,FRIDAY,WEEKDAY,0,3,Spring
943,29/3/19,PM Period,21004,FRIDAY,WEEKDAY,0,3,Spring
4,30/3/19,PM Period,12612,SATURDAY,WEEKEND,0,3,Spring
7,30/3/19,AM Period,4198,SATURDAY,WEEKEND,0,3,Spring
423,30/3/19,Night,14342,SATURDAY,WEEKEND,0,3,Spring
626,30/3/19,Lunch Period,6046,SATURDAY,WEEKEND,0,3,Spring
322,31/3/19,Night,12297,SUNDAY,WEEKEND,0,3,Spring
480,31/3/19,Lunch Period,5703,SUNDAY,WEEKEND,0,3,Spring
1205,31/3/19,AM Period,4729,SUNDAY,WEEKEND,0,3,Spring
1206,31/3/19,PM Period,9703,SUNDAY,WEEKEND,0,3,Spring
220,1/4/19,Lunch Period,10256,MONDAY,WEEKDAY,0,4,Summer
263,1/4/19,Night,8164,MONDAY,WEEKDAY,0,4,Summer
478,1/4/19,PM Period,18786,MONDAY,WEEKDAY,0,4,Summer
528,1/4/19,AM Period,11706,MONDAY,WEEKDAY,0,4,Summer
254,2/4/19,AM Period,11474,TUESDAY,WEEKDAY,0,4,Summer
482,2/4/19,Lunch Period,10647,TUESDAY,WEEKDAY,0,4,Summer
770,2/4/19,PM Period,20645,TUESDAY,WEEKDAY,0,4,Summer
1100,2/4/19,Night,8889,TUESDAY,WEEKDAY,0,4,Summer
426,3/4/19,Lunch Period,11959,WEDNESDAY,WEEKDAY,0,4,Summer
479,3/4/19,AM Period,11878,WEDNESDAY,WEEKDAY,0,4,Summer
945,3/4/19,PM Period,22317,WEDNESDAY,WEEKDAY,0,4,Summer
1149,3/4/19,Night,9816,WEDNESDAY,WEEKDAY,0,4,Summer
60,4/4/19,PM Period,25492,THURSDAY,WEEKDAY,0,4,Summer
520,4/4/19,Night,12082,THURSDAY,WEEKDAY,0,4,Summer
538,4/4/19,Lunch Period,13676,THURSDAY,WEEKDAY,0,4,Summer
1047,4/4/19,AM Period,13362,THURSDAY,WEEKDAY,0,4,Summer
784,5/4/19,PM Period,22081,FRIDAY,WEEKDAY,0,4,Summer
829,5/4/19,Night,11253,FRIDAY,WEEKDAY,0,4,Summer
1150,5/4/19,AM Period,11430,FRIDAY,WEEKDAY,0,4,Summer
1315,5/4/19,Lunch Period,12471,FRIDAY,WEEKDAY,0,4,Summer
3,6/4/19,Lunch Period,6029,SATURDAY,WEEKEND,0,4,Summer
578,6/4/19,AM Period,4584,SATURDAY,WEEKEND,0,4,Summer
618,6/4/19,PM Period,12717,SATURDAY,WEEKEND,0,4,Summer
1367,6/4/19,Night,13279,SATURDAY,WEEKEND,0,4,Summer
274,7/4/19,Lunch Period,5805,SUNDAY,WEEKEND,0,4,Summer
896,7/4/19,PM Period,10597,SUNDAY,WEEKEND,0,4,Summer
1004,7/4/19,Night,12378,SUNDAY,WEEKEND,0,4,Summer
1107,7/4/19,AM Period,4875,SUNDAY,WEEKEND,0,4,Summer
331,8/4/19,AM Period,12504,MONDAY,WEEKDAY,0,4,Summer
437,8/4/19,PM Period,20595,MONDAY,WEEKDAY,0,4,Summer
1161,8/4/19,Night,8856,MONDAY,WEEKDAY,0,4,Summer
1361,8/4/19,Lunch Period,11132,MONDAY,WEEKDAY,0,4,Summer
11,9/4/19,Lunch Period,12003,TUESDAY,WEEKDAY,0,4,Summer
75,9/4/19,AM Period,13078,TUESDAY,WEEKDAY,0,4,Summer
169,9/4/19,PM Period,21995,TUESDAY,WEEKDAY,0,4,Summer
629,9/4/19,Night,10869,TUESDAY,WEEKDAY,0,4,Summer
219,10/4/19,AM Period,13995,WEDNESDAY,WEEKDAY,0,4,Summer
330,10/4/19,PM Period,25518,WEDNESDAY,WEEKDAY,0,4,Summer
536,10/4/19,Lunch Period,14584,WEDNESDAY,WEEKDAY,0,4,Summer
733,10/4/19,Night,11411,WEDNESDAY,WEEKDAY,0,4,Summer
488,11/4/19,AM Period,13784,THURSDAY,WEEKDAY,0,4,Summer
842,11/4/19,Lunch Period,13223,THURSDAY,WEEKDAY,0,4,Summer
895,11/4/19,Night,12009,THURSDAY,WEEKDAY,0,4,Summer
1212,11/4/19,PM Period,23865,THURSDAY,WEEKDAY,0,4,Summer
487,12/4/19,Lunch Period,12185,FRIDAY,WEEKDAY,0,4,Summer
732,12/4/19,Night,12171,FRIDAY,WEEKDAY,0,4,Summer
840,12/4/19,PM Period,22435,FRIDAY,WEEKDAY,0,4,Summer
1213,12/4/19,AM Period,12186,FRIDAY,WEEKDAY,0,4,Summer
218,13/4/19,PM Period,13019,SATURDAY,WEEKEND,0,4,Summer
273,13/4/19,Night,13798,SATURDAY,WEEKEND,0,4,Summer
439,13/4/19,Lunch Period,6260,SATURDAY,WEEKEND,0,4,Summer
1363,13/4/19,AM Period,4751,SATURDAY,WEEKEND,0,4,Summer
844,14/4/19,PM Period,9263,SUNDAY,WEEKEND,0,4,Summer
1257,14/4/19,Night,12261,SUNDAY,WEEKEND,0,4,Summer
1362,14/4/19,Lunch Period,5458,SUNDAY,WEEKEND,0,4,Summer
1365,14/4/19,AM Period,5327,SUNDAY,WEEKEND,0,4,Summer
221,15/4/19,AM Period,11814,MONDAY,WEEKDAY,0,4,Summer
440,15/4/19,PM Period,18253,MONDAY,WEEKDAY,0,4,Summer
843,15/4/19,Night,7743,MONDAY,WEEKDAY,0,4,Summer
1109,15/4/19,Lunch Period,10096,MONDAY,WEEKDAY,0,4,Summer
12,16/4/19,PM Period,18945,TUESDAY,WEEKDAY,0,4,Summer
279,16/4/19,Lunch Period,10366,TUESDAY,WEEKDAY,0,4,Summer
334,16/4/19,Night,8310,TUESDAY,WEEKDAY,0,4,Summer
1063,16/4/19,AM Period,11015,TUESDAY,WEEKDAY,0,4,Summer
14,17/4/19,AM Period,11312,WEDNESDAY,WEEKDAY,0,4,Summer
271,17/4/19,Lunch Period,10396,WEDNESDAY,WEEKDAY,0,4,Summer
734,17/4/19,Night,8295,WEDNESDAY,WEEKDAY,0,4,Summer
949,17/4/19,PM Period,18923,WEDNESDAY,WEEKDAY,0,4,Summer
386,18/4/19,Lunch Period,14535,THURSDAY,WEEKDAY,0,4,Summer
1061,18/4/19,PM Period,22943,THURSDAY,WEEKDAY,0,4,Summer
1366,18/4/19,Night,9818,THURSDAY,WEEKDAY,0,4,Summer
1426,18/4/19,AM Period,12109,THURSDAY,WEEKDAY,0,4,Summer
119,19/4/19,Lunch Period,10475,FRIDAY,WEEKDAY,0,4,Summer
383,19/4/19,PM Period,17850,FRIDAY,WEEKDAY,0,4,Summer
1162,19/4/19,AM Period,8762,FRIDAY,WEEKDAY,0,4,Summer
1313,19/4/19,Night,10123,FRIDAY,WEEKDAY,0,4,Summer
171,20/4/19,Lunch Period,5785,SATURDAY,WEEKEND,0,4,Summer
780,20/4/19,Night,11450,SATURDAY,WEEKEND,0,4,Summer
1110,20/4/19,AM Period,3947,SATURDAY,WEEKEND,0,4,Summer
1256,20/4/19,PM Period,11240,SATURDAY,WEEKEND,0,4,Summer
385,21/4/19,Lunch Period,5172,SUNDAY,WEEKEND,0,4,Summer
583,21/4/19,AM Period,4335,SUNDAY,WEEKEND,0,4,Summer
782,21/4/19,Night,8626,SUNDAY,WEEKEND,0,4,Summer
1108,21/4/19,PM Period,8260,SUNDAY,WEEKEND,0,4,Summer
584,22/4/19,Lunch Period,9074,MONDAY,WEEKDAY,0,4,Summer
680,22/4/19,Night,7182,MONDAY,WEEKDAY,0,4,Summer
841,22/4/19,PM Period,17393,MONDAY,WEEKDAY,0,4,Summer
1364,22/4/19,AM Period,9811,MONDAY,WEEKDAY,0,4,Summer
280,23/4/19,AM Period,11598,TUESDAY,WEEKDAY,0,4,Summer
485,23/4/19,PM Period,20071,TUESDAY,WEEKDAY,0,4,Summer
777,23/4/19,Night,8884,TUESDAY,WEEKDAY,0,4,Summer
1314,23/4/19,Lunch Period,10567,TUESDAY,WEEKDAY,0,4,Summer
532,24/4/19,PM Period,21306,WEDNESDAY,WEEKDAY,0,4,Summer
675,24/4/19,Night,9931,WEDNESDAY,WEEKDAY,0,4,Summer
1003,24/4/19,Lunch Period,11387,WEDNESDAY,WEEKDAY,0,4,Summer
1424,24/4/19,AM Period,11624,WEDNESDAY,WEEKDAY,0,4,Summer
13,25/4/19,AM Period,11471,THURSDAY,WEEKDAY,0,4,Summer
335,25/4/19,PM Period,22031,THURSDAY,WEEKDAY,0,4,Summer
954,25/4/19,Lunch Period,11676,THURSDAY,WEEKDAY,0,4,Summer
1215,25/4/19,Night,10854,THURSDAY,WEEKDAY,0,4,Summer
72,26/4/19,AM Period,10682,FRIDAY,WEEKDAY,0,4,Summer
533,26/4/19,PM Period,20675,FRIDAY,WEEKDAY,0,4,Summer
778,26/4/19,Lunch Period,11019,FRIDAY,WEEKDAY,0,4,Summer
839,26/4/19,Night,11584,FRIDAY,WEEKDAY,0,4,Summer
118,27/4/19,Lunch Period,7127,SATURDAY,WEEKEND,0,4,Summer
217,27/4/19,Night,13358,SATURDAY,WEEKEND,0,4,Summer
894,27/4/19,AM Period,4504,SATURDAY,WEEKEND,0,4,Summer
948,27/4/19,PM Period,12868,SATURDAY,WEEKEND,0,4,Summer
73,28/4/19,Night,9887,SUNDAY,WEEKEND,0,4,Summer
74,28/4/19,Lunch Period,4905,SUNDAY,WEEKEND,0,4,Summer
967,28/4/19,AM Period,3934,SUNDAY,WEEKEND,0,4,Summer
1254,28/4/19,PM Period,8613,SUNDAY,WEEKEND,0,4,Summer
694,29/4/19,Lunch Period,11256,MONDAY,WEEKDAY,0,4,Summer
797,29/4/19,AM Period,13547,MONDAY,WEEKDAY,0,4,Summer
856,29/4/19,PM Period,18045,MONDAY,WEEKDAY,0,4,Summer
1326,29/4/19,Night,6771,MONDAY,WEEKDAY,0,4,Summer
438,30/4/19,Lunch Period,12044,TUESDAY,WEEKDAY,0,4,Summer
643,30/4/19,Night,9088,TUESDAY,WEEKDAY,0,4,Summer
737,30/4/19,AM Period,12601,TUESDAY,WEEKDAY,0,4,Summer
915,30/4/19,PM Period,22913,TUESDAY,WEEKDAY,0,4,Summer
333,1/5/19,Night,9589,WEDNESDAY,WEEKDAY,0,5,Summer
810,1/5/19,Lunch Period,11167,WEDNESDAY,WEEKDAY,0,5,Summer
1448,1/5/19,AM Period,13175,WEDNESDAY,WEEKDAY,0,5,Summer
1449,1/5/19,PM Period,21055,WEDNESDAY,WEEKDAY,0,5,Summer
510,2/5/19,AM Period,13289,THURSDAY,WEEKDAY,0,5,Summer
872,2/5/19,PM Period,23901,THURSDAY,WEEKDAY,0,5,Summer
984,2/5/19,Lunch Period,13010,THURSDAY,WEEKDAY,0,5,Summer
1236,2/5/19,Night,11169,THURSDAY,WEEKDAY,0,5,Summer
469,3/5/19,AM Period,11359,FRIDAY,WEEKDAY,0,5,Summer
534,3/5/19,Night,12639,FRIDAY,WEEKDAY,0,5,Summer
1031,3/5/19,PM Period,23727,FRIDAY,WEEKDAY,0,5,Summer
1092,3/5/19,Lunch Period,12360,FRIDAY,WEEKDAY,0,5,Summer
513,4/5/19,AM Period,4966,SATURDAY,WEEKEND,0,5,Summer
761,4/5/19,PM Period,13950,SATURDAY,WEEKEND,0,5,Summer
874,4/5/19,Lunch Period,7061,SATURDAY,WEEKEND,0,5,Summer
1292,4/5/19,Night,14975,SATURDAY,WEEKEND,0,5,Summer
569,5/5/19,AM Period,5333,SUNDAY,WEEKEND,0,5,Summer
1062,5/5/19,Night,13395,SUNDAY,WEEKEND,0,5,Summer
1142,5/5/19,Lunch Period,6568,SUNDAY,WEEKEND,0,5,Summer
1290,5/5/19,PM Period,11438,SUNDAY,WEEKEND,0,5,Summer
243,6/5/19,PM Period,20822,MONDAY,WEEKDAY,0,5,Summer
468,6/5/19,AM Period,11441,MONDAY,WEEKDAY,0,5,Summer
738,6/5/19,Lunch Period,11727,MONDAY,WEEKDAY,0,5,Summer
1397,6/5/19,Night,8624,MONDAY,WEEKDAY,0,5,Summer
808,7/5/19,Night,9231,TUESDAY,WEEKDAY,0,5,Summer
935,7/5/19,PM Period,21256,TUESDAY,WEEKDAY,0,5,Summer
983,7/5/19,Lunch Period,11536,TUESDAY,WEEKDAY,0,5,Summer
1337,7/5/19,AM Period,12678,TUESDAY,WEEKDAY,0,5,Summer
47,8/5/19,AM Period,13021,WEDNESDAY,WEEKDAY,0,5,Summer
366,8/5/19,Night,9839,WEDNESDAY,WEEKDAY,0,5,Summer
613,8/5/19,Lunch Period,12505,WEDNESDAY,WEEKDAY,0,5,Summer
1450,8/5/19,PM Period,21636,WEDNESDAY,WEEKDAY,0,5,Summer
417,9/5/19,Lunch Period,11877,THURSDAY,WEEKDAY,0,5,Summer
612,9/5/19,Night,11008,THURSDAY,WEEKDAY,0,5,Summer
779,9/5/19,AM Period,12644,THURSDAY,WEEKDAY,0,5,Summer
1088,9/5/19,PM Period,21864,THURSDAY,WEEKDAY,0,5,Summer
147,10/5/19,PM Period,21290,FRIDAY,WEEKDAY,0,5,Summer
467,10/5/19,Night,11412,FRIDAY,WEEKDAY,0,5,Summer
1192,10/5/19,AM Period,11368,FRIDAY,WEEKDAY,0,5,Summer
1291,10/5/19,Lunch Period,11543,FRIDAY,WEEKDAY,0,5,Summer
206,11/5/19,AM Period,4332,SATURDAY,WEEKEND,0,5,Summer
873,11/5/19,Night,12438,SATURDAY,WEEKEND,0,5,Summer
985,11/5/19,Lunch Period,6818,SATURDAY,WEEKEND,0,5,Summer
1336,11/5/19,PM Period,14519,SATURDAY,WEEKEND,0,5,Summer
568,12/5/19,Lunch Period,5752,SUNDAY,WEEKEND,0,5,Summer
712,12/5/19,AM Period,4226,SUNDAY,WEEKEND,0,5,Summer
1091,12/5/19,PM Period,10411,SUNDAY,WEEKEND,0,5,Summer
1453,12/5/19,Night,10855,SUNDAY,WEEKEND,0,5,Summer
48,13/5/19,Lunch Period,10250,MONDAY,WEEKDAY,0,5,Summer
49,13/5/19,PM Period,18228,MONDAY,WEEKDAY,0,5,Summer
121,13/5/19,Night,8214,MONDAY,WEEKDAY,0,5,Summer
1089,13/5/19,AM Period,11301,MONDAY,WEEKDAY,0,5,Summer
245,14/5/19,Lunch Period,10643,TUESDAY,WEEKDAY,0,5,Summer
567,14/5/19,PM Period,18926,TUESDAY,WEEKDAY,0,5,Summer
678,14/5/19,Night,8066,TUESDAY,WEEKDAY,0,5,Summer
981,14/5/19,AM Period,11525,TUESDAY,WEEKDAY,0,5,Summer
278,15/5/19,Lunch Period,11342,WEDNESDAY,WEEKDAY,0,5,Summer
1190,15/5/19,AM Period,11566,WEDNESDAY,WEEKDAY,0,5,Summer
1235,15/5/19,Night,9340,WEDNESDAY,WEEKDAY,0,5,Summer
1451,15/5/19,PM Period,20335,WEDNESDAY,WEEKDAY,0,5,Summer
244,16/5/19,Night,10704,THURSDAY,WEEKDAY,0,5,Summer
781,16/5/19,PM Period,21645,THURSDAY,WEEKDAY,0,5,Summer
812,16/5/19,Lunch Period,13751,THURSDAY,WEEKDAY,0,5,Summer
1189,16/5/19,AM Period,11910,THURSDAY,WEEKDAY,0,5,Summer
415,17/5/19,PM Period,24116,FRIDAY,WEEKDAY,0,5,Summer
466,17/5/19,AM Period,11781,FRIDAY,WEEKDAY,0,5,Summer
710,17/5/19,Lunch Period,13304,FRIDAY,WEEKDAY,0,5,Summer
1398,17/5/19,Night,12825,FRIDAY,WEEKDAY,0,5,Summer
277,18/5/19,AM Period,5635,SATURDAY,WEEKEND,0,5,Summer
936,18/5/19,Night,14418,SATURDAY,WEEKEND,0,5,Summer
937,18/5/19,Lunch Period,6878,SATURDAY,WEEKEND,0,5,Summer
1338,18/5/19,PM Period,16399,SATURDAY,WEEKEND,0,5,Summer
368,19/5/19,AM Period,6344,SUNDAY,WEEKEND,0,5,Summer
509,19/5/19,Night,14449,SUNDAY,WEEKEND,0,5,Summer
1339,19/5/19,Lunch Period,6568,SUNDAY,WEEKEND,0,5,Summer
1452,19/5/19,PM Period,12375,SUNDAY,WEEKEND,0,5,Summer
148,20/5/19,Lunch Period,12521,MONDAY,WEEKDAY,0,5,Summer
314,20/5/19,AM Period,13167,MONDAY,WEEKDAY,0,5,Summer
655,20/5/19,PM Period,21851,MONDAY,WEEKDAY,0,5,Summer
814,20/5/19,Night,10135,MONDAY,WEEKDAY,0,5,Summer
103,21/5/19,Lunch Period,13498,TUESDAY,WEEKDAY,0,5,Summer
367,21/5/19,Night,10241,TUESDAY,WEEKDAY,0,5,Summer
813,21/5/19,AM Period,14094,TUESDAY,WEEKDAY,0,5,Summer
1234,21/5/19,PM Period,22873,TUESDAY,WEEKDAY,0,5,Summer
382,22/5/19,PM Period,20330,WEDNESDAY,WEEKDAY,0,5,Summer
809,22/5/19,Lunch Period,11310,WEDNESDAY,WEEKDAY,0,5,Summer
1141,22/5/19,Night,10571,WEDNESDAY,WEEKDAY,0,5,Summer
1233,22/5/19,AM Period,12526,WEDNESDAY,WEEKDAY,0,5,Summer
512,23/5/19,AM Period,11485,THURSDAY,WEEKDAY,0,5,Summer
759,23/5/19,PM Period,20830,THURSDAY,WEEKDAY,0,5,Summer
982,23/5/19,Night,11436,THURSDAY,WEEKDAY,0,5,Summer
1293,23/5/19,Lunch Period,11960,THURSDAY,WEEKDAY,0,5,Summer
46,24/5/19,PM Period,17415,FRIDAY,WEEKDAY,0,5,Summer
205,24/5/19,AM Period,10044,FRIDAY,WEEKDAY,0,5,Summer
1090,24/5/19,Lunch Period,10324,FRIDAY,WEEKDAY,0,5,Summer
1194,24/5/19,Night,10504,FRIDAY,WEEKDAY,0,5,Summer
416,25/5/19,Night,12436,SATURDAY,WEEKEND,0,5,Summer
511,25/5/19,AM Period,4019,SATURDAY,WEEKEND,0,5,Summer
760,25/5/19,Lunch Period,5590,SATURDAY,WEEKEND,0,5,Summer
762,25/5/19,PM Period,11620,SATURDAY,WEEKEND,0,5,Summer
275,26/5/19,Lunch Period,4729,SUNDAY,WEEKEND,0,5,Summer
315,26/5/19,AM Period,3840,SUNDAY,WEEKEND,0,5,Summer
1032,26/5/19,PM Period,9238,SUNDAY,WEEKEND,0,5,Summer
1191,26/5/19,Night,11342,SUNDAY,WEEKEND,0,5,Summer
76,27/5/19,Night,7556,MONDAY,WEEKDAY,1,5,Summer
514,27/5/19,Lunch Period,4057,MONDAY,WEEKDAY,1,5,Summer
711,27/5/19,PM Period,7398,MONDAY,WEEKDAY,1,5,Summer
1399,27/5/19,AM Period,2904,MONDAY,WEEKDAY,1,5,Summer
104,28/5/19,AM Period,10202,TUESDAY,WEEKDAY,0,5,Summer
811,28/5/19,Lunch Period,9659,TUESDAY,WEEKDAY,0,5,Summer
980,28/5/19,PM Period,19102,TUESDAY,WEEKDAY,0,5,Summer
1193,28/5/19,Night,8078,TUESDAY,WEEKDAY,0,5,Summer
102,29/5/19,PM Period,19221,WEDNESDAY,WEEKDAY,0,5,Summer
365,29/5/19,Lunch Period,10323,WEDNESDAY,WEEKDAY,0,5,Summer
656,29/5/19,Night,8518,WEDNESDAY,WEEKDAY,0,5,Summer
1454,29/5/19,AM Period,10497,WEDNESDAY,WEEKDAY,0,5,Summer
146,30/5/19,Night,11135,THURSDAY,WEEKDAY,0,5,Summer
1312,30/5/19,PM Period,22870,THURSDAY,WEEKDAY,0,5,Summer
1340,30/5/19,AM Period,12031,THURSDAY,WEEKDAY,0,5,Summer
1402,30/5/19,Lunch Period,12163,THURSDAY,WEEKDAY,0,5,Summer
45,31/5/19,Lunch Period,13389,FRIDAY,WEEKDAY,0,5,Summer
364,31/5/19,Night,13141,FRIDAY,WEEKDAY,0,5,Summer
1400,31/5/19,AM Period,12024,FRIDAY,WEEKDAY,0,5,Summer
1401,31/5/19,PM Period,24503,FRIDAY,WEEKDAY,0,5,Summer
42,1/6/19,PM Period,16222,SATURDAY,WEEKEND,0,6,Summer
241,1/6/19,AM Period,6996,SATURDAY,WEEKEND,0,6,Summer
507,1/6/19,Lunch Period,7329,SATURDAY,WEEKEND,0,6,Summer
565,1/6/19,Night,15342,SATURDAY,WEEKEND,0,6,Summer
312,2/6/19,AM Period,7283,SUNDAY,WEEKEND,0,6,Summer
384,2/6/19,Lunch Period,6938,SUNDAY,WEEKEND,0,6,Summer
1028,2/6/19,Night,13814,SUNDAY,WEEKEND,0,6,Summer
1232,2/6/19,PM Period,14394,SUNDAY,WEEKEND,0,6,Summer
486,3/6/19,PM Period,20400,MONDAY,WEEKDAY,0,6,Summer
869,3/6/19,AM Period,12854,MONDAY,WEEKDAY,0,6,Summer
1137,3/6/19,Night,9627,MONDAY,WEEKDAY,0,6,Summer
1335,3/6/19,Lunch Period,11810,MONDAY,WEEKDAY,0,6,Summer
39,4/6/19,AM Period,11737,TUESDAY,WEEKDAY,0,6,Summer
508,4/6/19,Night,9226,TUESDAY,WEEKDAY,0,6,Summer
1027,4/6/19,Lunch Period,12405,TUESDAY,WEEKDAY,0,6,Summer
1030,4/6/19,PM Period,19355,TUESDAY,WEEKDAY,0,6,Summer
37,5/6/19,Night,10806,WEDNESDAY,WEEKDAY,0,6,Summer
757,5/6/19,Lunch Period,11263,WEDNESDAY,WEEKDAY,0,6,Summer
807,5/6/19,PM Period,19925,WEDNESDAY,WEEKDAY,0,6,Summer
1187,5/6/19,AM Period,11727,WEDNESDAY,WEEKDAY,0,6,Summer
239,6/6/19,PM Period,20840,THURSDAY,WEEKDAY,0,6,Summer
608,6/6/19,AM Period,11615,THURSDAY,WEEKDAY,0,6,Summer
867,6/6/19,Night,11544,THURSDAY,WEEKDAY,0,6,Summer
1139,6/6/19,Lunch Period,11873,THURSDAY,WEEKDAY,0,6,Summer
41,7/6/19,Night,11954,FRIDAY,WEEKDAY,0,6,Summer
414,7/6/19,AM Period,10177,FRIDAY,WEEKDAY,0,6,Summer
868,7/6/19,Lunch Period,11416,FRIDAY,WEEKDAY,0,6,Summer
1334,7/6/19,PM Period,21121,FRIDAY,WEEKDAY,0,6,Summer
505,8/6/19,AM Period,4682,SATURDAY,WEEKEND,0,6,Summer
870,8/6/19,Lunch Period,6966,SATURDAY,WEEKEND,0,6,Summer
978,8/6/19,PM Period,14823,SATURDAY,WEEKEND,0,6,Summer
1086,8/6/19,Night,15694,SATURDAY,WEEKEND,0,6,Summer
313,9/6/19,AM Period,5603,SUNDAY,WEEKEND,0,6,Summer
654,9/6/19,Night,14610,SUNDAY,WEEKEND,0,6,Summer
806,9/6/19,Lunch Period,7626,SUNDAY,WEEKEND,0,6,Summer
1214,9/6/19,PM Period,12887,SUNDAY,WEEKEND,0,6,Summer
199,10/6/19,Lunch Period,10428,MONDAY,WEEKDAY,0,6,Summer
504,10/6/19,PM Period,20663,MONDAY,WEEKDAY,0,6,Summer
707,10/6/19,AM Period,12969,MONDAY,WEEKDAY,0,6,Summer
708,10/6/19,Night,10578,MONDAY,WEEKDAY,0,6,Summer
412,11/6/19,Night,10790,TUESDAY,WEEKDAY,0,6,Summer
650,11/6/19,PM Period,21415,TUESDAY,WEEKDAY,0,6,Summer
933,11/6/19,AM Period,13091,TUESDAY,WEEKDAY,0,6,Summer
1425,11/6/19,Lunch Period,12146,TUESDAY,WEEKDAY,0,6,Summer
566,12/6/19,AM Period,12277,WEDNESDAY,WEEKDAY,0,6,Summer
736,12/6/19,Lunch Period,13954,WEDNESDAY,WEEKDAY,0,6,Summer
977,12/6/19,Night,11397,WEDNESDAY,WEEKDAY,0,6,Summer
1084,12/6/19,PM Period,22427,WEDNESDAY,WEEKDAY,0,6,Summer
100,13/6/19,Lunch Period,11520,THURSDAY,WEEKDAY,0,6,Summer
276,13/6/19,AM Period,12813,THURSDAY,WEEKDAY,0,6,Summer
464,13/6/19,Night,11759,THURSDAY,WEEKDAY,0,6,Summer
651,13/6/19,PM Period,21297,THURSDAY,WEEKDAY,0,6,Summer
38,14/6/19,AM Period,10305,FRIDAY,WEEKDAY,0,6,Summer
204,14/6/19,Night,13422,FRIDAY,WEEKDAY,0,6,Summer
240,14/6/19,Lunch Period,11783,FRIDAY,WEEKDAY,0,6,Summer
332,14/6/19,PM Period,21142,FRIDAY,WEEKDAY,0,6,Summer
564,15/6/19,Night,14888,SATURDAY,WEEKEND,0,6,Summer
1087,15/6/19,AM Period,4642,SATURDAY,WEEKEND,0,6,Summer
1140,15/6/19,Lunch Period,6774,SATURDAY,WEEKEND,0,6,Summer
1186,15/6/19,PM Period,13094,SATURDAY,WEEKEND,0,6,Summer
43,16/6/19,PM Period,9640,SUNDAY,WEEKEND,0,6,Summer
200,16/6/19,AM Period,4777,SUNDAY,WEEKEND,0,6,Summer
758,16/6/19,Lunch Period,5770,SUNDAY,WEEKEND,0,6,Summer
1136,16/6/19,Night,12410,SUNDAY,WEEKEND,0,6,Summer
201,17/6/19,AM Period,11254,MONDAY,WEEKDAY,0,6,Summer
413,17/6/19,Lunch Period,10302,MONDAY,WEEKDAY,0,6,Summer
506,17/6/19,PM Period,18833,MONDAY,WEEKDAY,0,6,Summer
731,17/6/19,Night,7989,MONDAY,WEEKDAY,0,6,Summer
101,18/6/19,Lunch Period,10769,TUESDAY,WEEKDAY,0,6,Summer
931,18/6/19,PM Period,20377,TUESDAY,WEEKDAY,0,6,Summer
1188,18/6/19,Night,9901,TUESDAY,WEEKDAY,0,6,Summer
1395,18/6/19,AM Period,11858,TUESDAY,WEEKDAY,0,6,Summer
44,19/6/19,Lunch Period,12213,WEDNESDAY,WEEKDAY,0,6,Summer
628,19/6/19,Night,12058,WEDNESDAY,WEEKDAY,0,6,Summer
932,19/6/19,AM Period,12025,WEDNESDAY,WEEKDAY,0,6,Summer
1288,19/6/19,PM Period,22493,WEDNESDAY,WEEKDAY,0,6,Summer
242,20/6/19,Night,12487,THURSDAY,WEEKDAY,0,6,Summer
930,20/6/19,AM Period,12923,THURSDAY,WEEKDAY,0,6,Summer
1029,20/6/19,Lunch Period,11786,THURSDAY,WEEKDAY,0,6,Summer
1396,20/6/19,PM Period,21999,THURSDAY,WEEKDAY,0,6,Summer
122,21/6/19,Lunch Period,11762,FRIDAY,WEEKDAY,0,6,Summer
489,21/6/19,PM Period,23422,FRIDAY,WEEKDAY,0,6,Summer
979,21/6/19,AM Period,9716,FRIDAY,WEEKDAY,0,6,Summer
1333,21/6/19,Night,13645,FRIDAY,WEEKDAY,0,6,Summer
145,22/6/19,PM Period,13406,SATURDAY,WEEKEND,0,6,Summer
202,22/6/19,AM Period,4120,SATURDAY,WEEKEND,0,6,Summer
652,22/6/19,Lunch Period,6512,SATURDAY,WEEKEND,0,6,Summer
934,22/6/19,Night,16391,SATURDAY,WEEKEND,0,6,Summer
611,23/6/19,Lunch Period,6080,SUNDAY,WEEKEND,0,6,Summer
709,23/6/19,Night,13255,SUNDAY,WEEKEND,0,6,Summer
735,23/6/19,PM Period,10287,SUNDAY,WEEKEND,0,6,Summer
871,23/6/19,AM Period,4789,SUNDAY,WEEKEND,0,6,Summer
120,24/6/19,PM Period,17305,MONDAY,WEEKDAY,0,6,Summer
653,24/6/19,AM Period,11036,MONDAY,WEEKDAY,0,6,Summer
1138,24/6/19,Lunch Period,10665,MONDAY,WEEKDAY,0,6,Summer
1447,24/6/19,Night,9360,MONDAY,WEEKDAY,0,6,Summer
535,25/6/19,PM Period,21861,TUESDAY,WEEKDAY,0,6,Summer
610,25/6/19,Night,10745,TUESDAY,WEEKDAY,0,6,Summer
1085,25/6/19,AM Period,10795,TUESDAY,WEEKDAY,0,6,Summer
1289,25/6/19,Lunch Period,11154,TUESDAY,WEEKDAY,0,6,Summer
363,26/6/19,Lunch Period,11591,WEDNESDAY,WEEKDAY,0,6,Summer
465,26/6/19,AM Period,11742,WEDNESDAY,WEEKDAY,0,6,Summer
951,26/6/19,Night,13071,WEDNESDAY,WEEKDAY,0,6,Summer
1060,26/6/19,PM Period,21789,WEDNESDAY,WEEKDAY,0,6,Summer
40,27/6/19,AM Period,11403,THURSDAY,WEEKDAY,0,6,Summer
203,27/6/19,Lunch Period,11816,THURSDAY,WEEKDAY,0,6,Summer
311,27/6/19,PM Period,21807,THURSDAY,WEEKDAY,0,6,Summer
952,27/6/19,Night,12127,THURSDAY,WEEKDAY,0,6,Summer
463,28/6/19,PM Period,20466,FRIDAY,WEEKDAY,0,6,Summer
609,28/6/19,Lunch Period,11340,FRIDAY,WEEKDAY,0,6,Summer
950,28/6/19,AM Period,9941,FRIDAY,WEEKDAY,0,6,Summer
1255,28/6/19,Night,11454,FRIDAY,WEEKDAY,0,6,Summer
142,29/6/19,Night,13711,SATURDAY,WEEKEND,0,6,Summer
360,29/6/19,Lunch Period,5710,SATURDAY,WEEKEND,0,6,Summer
457,29/6/19,PM Period,11345,SATURDAY,WEEKEND,0,6,Summer
972,29/6/19,AM Period,3838,SATURDAY,WEEKEND,0,6,Summer
458,30/6/19,Lunch Period,5770,SUNDAY,WEEKEND,0,6,Summer
703,30/6/19,AM Period,4341,SUNDAY,WEEKEND,0,6,Summer
923,30/6/19,Night,11632,SUNDAY,WEEKEND,0,6,Summer
1389,30/6/19,PM Period,9750,SUNDAY,WEEKEND,0,6,Summer
143,1/7/19,AM Period,8676,MONDAY,WEEKDAY,0,7,Autumn
410,1/7/19,Night,6615,MONDAY,WEEKDAY,0,7,Autumn
863,1/7/19,PM Period,14404,MONDAY,WEEKDAY,0,7,Autumn
866,1/7/19,Lunch Period,8422,MONDAY,WEEKDAY,0,7,Autumn
194,2/7/19,PM Period,17167,TUESDAY,WEEKDAY,0,7,Autumn
196,2/7/19,Lunch Period,9909,TUESDAY,WEEKDAY,0,7,Autumn
1026,2/7/19,AM Period,8694,TUESDAY,WEEKDAY,0,7,Autumn
1445,2/7/19,Night,7399,TUESDAY,WEEKDAY,0,7,Autumn
309,3/7/19,Lunch Period,8518,WEDNESDAY,WEEKDAY,0,7,Autumn
605,3/7/19,AM Period,7425,WEDNESDAY,WEEKDAY,0,7,Autumn
802,3/7/19,Night,7513,WEDNESDAY,WEEKDAY,0,7,Autumn
1079,3/7/19,PM Period,13852,WEDNESDAY,WEEKDAY,0,7,Autumn
98,4/7/19,PM Period,7451,THURSDAY,WEEKDAY,1,7,Autumn
411,4/7/19,Night,9011,THURSDAY,WEEKDAY,1,7,Autumn
560,4/7/19,AM Period,2396,THURSDAY,WEEKDAY,1,7,Autumn
754,4/7/19,Lunch Period,3651,THURSDAY,WEEKDAY,1,7,Autumn
562,5/7/19,AM Period,4453,FRIDAY,WEEKDAY,0,7,Autumn
861,5/7/19,PM Period,11874,FRIDAY,WEEKDAY,0,7,Autumn
1185,5/7/19,Night,8388,FRIDAY,WEEKDAY,0,7,Autumn
1286,5/7/19,Lunch Period,6568,FRIDAY,WEEKDAY,0,7,Autumn
803,6/7/19,PM Period,9253,SATURDAY,WEEKEND,0,7,Autumn
864,6/7/19,Night,10317,SATURDAY,WEEKEND,0,7,Autumn
1182,6/7/19,Lunch Period,4623,SATURDAY,WEEKEND,0,7,Autumn
1287,6/7/19,AM Period,2932,SATURDAY,WEEKEND,0,7,Autumn
197,7/7/19,AM Period,3452,SUNDAY,WEEKEND,0,7,Autumn
303,7/7/19,Night,9593,SUNDAY,WEEKEND,0,7,Autumn
308,7/7/19,PM Period,7763,SUNDAY,WEEKEND,0,7,Autumn
1181,7/7/19,Lunch Period,4288,SUNDAY,WEEKEND,0,7,Autumn
99,8/7/19,Night,6852,MONDAY,WEEKDAY,0,7,Autumn
305,8/7/19,AM Period,9125,MONDAY,WEEKDAY,0,7,Autumn
459,8/7/19,Lunch Period,8298,MONDAY,WEEKDAY,0,7,Autumn
974,8/7/19,PM Period,14781,MONDAY,WEEKDAY,0,7,Autumn
306,9/7/19,AM Period,9774,TUESDAY,WEEKDAY,0,7,Autumn
755,9/7/19,Lunch Period,9732,TUESDAY,WEEKDAY,0,7,Autumn
926,9/7/19,PM Period,17667,TUESDAY,WEEKDAY,0,7,Autumn
1024,9/7/19,Night,7774,TUESDAY,WEEKDAY,0,7,Autumn
144,10/7/19,AM Period,10876,WEDNESDAY,WEEKDAY,0,7,Autumn
461,10/7/19,Lunch Period,11311,WEDNESDAY,WEEKDAY,0,7,Autumn
925,10/7/19,Night,9252,WEDNESDAY,WEEKDAY,0,7,Autumn
1082,10/7/19,PM Period,20106,WEDNESDAY,WEEKDAY,0,7,Autumn
460,11/7/19,Night,10838,THURSDAY,WEEKDAY,0,7,Autumn
756,11/7/19,PM Period,20749,THURSDAY,WEEKDAY,0,7,Autumn
1023,11/7/19,Lunch Period,11031,THURSDAY,WEEKDAY,0,7,Autumn
1284,11/7/19,AM Period,10653,THURSDAY,WEEKDAY,0,7,Autumn
236,12/7/19,PM Period,20315,FRIDAY,WEEKDAY,0,7,Autumn
362,12/7/19,AM Period,9573,FRIDAY,WEEKDAY,0,7,Autumn
1025,12/7/19,Night,11916,FRIDAY,WEEKDAY,0,7,Autumn
1444,12/7/19,Lunch Period,11206,FRIDAY,WEEKDAY,0,7,Autumn
36,13/7/19,Night,14519,SATURDAY,WEEKEND,0,7,Autumn
361,13/7/19,PM Period,13966,SATURDAY,WEEKEND,0,7,Autumn
862,13/7/19,AM Period,4114,SATURDAY,WEEKEND,0,7,Autumn
1132,13/7/19,Lunch Period,6702,SATURDAY,WEEKEND,0,7,Autumn
96,14/7/19,Night,12528,SUNDAY,WEEKEND,0,7,Autumn
1184,14/7/19,Lunch Period,5375,SUNDAY,WEEKEND,0,7,Autumn
1230,14/7/19,AM Period,4173,SUNDAY,WEEKEND,0,7,Autumn
1285,14/7/19,PM Period,9822,SUNDAY,WEEKEND,0,7,Autumn
559,15/7/19,AM Period,10782,MONDAY,WEEKDAY,0,7,Autumn
561,15/7/19,Night,8333,MONDAY,WEEKDAY,0,7,Autumn
647,15/7/19,PM Period,18445,MONDAY,WEEKDAY,0,7,Autumn
976,15/7/19,Lunch Period,10139,MONDAY,WEEKDAY,0,7,Autumn
307,16/7/19,PM Period,19515,TUESDAY,WEEKDAY,0,7,Autumn
310,16/7/19,AM Period,11699,TUESDAY,WEEKDAY,0,7,Autumn
1231,16/7/19,Lunch Period,11119,TUESDAY,WEEKDAY,0,7,Autumn
1394,16/7/19,Night,9423,TUESDAY,WEEKDAY,0,7,Autumn
649,17/7/19,Night,10502,WEDNESDAY,WEEKDAY,0,7,Autumn
752,17/7/19,Lunch Period,11536,WEDNESDAY,WEEKDAY,0,7,Autumn
924,17/7/19,PM Period,21381,WEDNESDAY,WEEKDAY,0,7,Autumn
1080,17/7/19,AM Period,11606,WEDNESDAY,WEEKDAY,0,7,Autumn
35,18/7/19,Night,11623,THURSDAY,WEEKDAY,0,7,Autumn
753,18/7/19,PM Period,21083,THURSDAY,WEEKDAY,0,7,Autumn
975,18/7/19,Lunch Period,11428,THURSDAY,WEEKDAY,0,7,Autumn
1390,18/7/19,AM Period,12290,THURSDAY,WEEKDAY,0,7,Autumn
141,19/7/19,Night,13231,FRIDAY,WEEKDAY,0,7,Autumn
606,19/7/19,AM Period,10325,FRIDAY,WEEKDAY,0,7,Autumn
648,19/7/19,PM Period,21967,FRIDAY,WEEKDAY,0,7,Autumn
705,19/7/19,Lunch Period,11891,FRIDAY,WEEKDAY,0,7,Autumn
33,20/7/19,Night,14536,SATURDAY,WEEKEND,0,7,Autumn
409,20/7/19,PM Period,13142,SATURDAY,WEEKEND,0,7,Autumn
563,20/7/19,AM Period,4248,SATURDAY,WEEKEND,0,7,Autumn
706,20/7/19,Lunch Period,6896,SATURDAY,WEEKEND,0,7,Autumn
238,21/7/19,AM Period,4890,SUNDAY,WEEKEND,0,7,Autumn
973,21/7/19,Lunch Period,6568,SUNDAY,WEEKEND,0,7,Autumn
1135,21/7/19,Night,12597,SUNDAY,WEEKEND,0,7,Autumn
1392,21/7/19,PM Period,9135,SUNDAY,WEEKEND,0,7,Autumn
646,22/7/19,PM Period,16587,MONDAY,WEEKDAY,0,7,Autumn
805,22/7/19,Night,7791,MONDAY,WEEKDAY,0,7,Autumn
1134,22/7/19,AM Period,9957,MONDAY,WEEKDAY,0,7,Autumn
1183,22/7/19,Lunch Period,9328,MONDAY,WEEKDAY,0,7,Autumn
198,23/7/19,Lunch Period,10132,TUESDAY,WEEKDAY,0,7,Autumn
235,23/7/19,PM Period,18055,TUESDAY,WEEKDAY,0,7,Autumn
462,23/7/19,Night,8476,TUESDAY,WEEKDAY,0,7,Autumn
1332,23/7/19,AM Period,10191,TUESDAY,WEEKDAY,0,7,Autumn
234,24/7/19,AM Period,10177,WEDNESDAY,WEEKDAY,0,7,Autumn
928,24/7/19,PM Period,18905,WEDNESDAY,WEEKDAY,0,7,Autumn
929,24/7/19,Night,9536,WEDNESDAY,WEEKDAY,0,7,Autumn
1229,24/7/19,Lunch Period,10274,WEDNESDAY,WEEKDAY,0,7,Autumn
302,25/7/19,AM Period,10298,THURSDAY,WEEKDAY,0,7,Autumn
927,25/7/19,Night,10493,THURSDAY,WEEKDAY,0,7,Autumn
1022,25/7/19,PM Period,19579,THURSDAY,WEEKDAY,0,7,Autumn
1391,25/7/19,Lunch Period,10678,THURSDAY,WEEKDAY,0,7,Autumn
237,26/7/19,Night,10771,FRIDAY,WEEKDAY,0,7,Autumn
801,26/7/19,PM Period,18843,FRIDAY,WEEKDAY,0,7,Autumn
1083,26/7/19,AM Period,9094,FRIDAY,WEEKDAY,0,7,Autumn
1446,26/7/19,Lunch Period,10237,FRIDAY,WEEKDAY,0,7,Autumn
304,27/7/19,Night,13386,SATURDAY,WEEKEND,0,7,Autumn
804,27/7/19,AM Period,3781,SATURDAY,WEEKEND,0,7,Autumn
1133,27/7/19,PM Period,12567,SATURDAY,WEEKEND,0,7,Autumn
1393,27/7/19,Lunch Period,5958,SATURDAY,WEEKEND,0,7,Autumn
34,28/7/19,AM Period,4177,SUNDAY,WEEKEND,0,7,Autumn
607,28/7/19,Night,11398,SUNDAY,WEEKEND,0,7,Autumn
865,28/7/19,Lunch Period,5407,SUNDAY,WEEKEND,0,7,Autumn
922,28/7/19,PM Period,9246,SUNDAY,WEEKEND,0,7,Autumn
97,29/7/19,Night,7517,MONDAY,WEEKDAY,0,7,Autumn
195,29/7/19,PM Period,15701,MONDAY,WEEKDAY,0,7,Autumn
704,29/7/19,Lunch Period,9396,MONDAY,WEEKDAY,0,7,Autumn
1081,29/7/19,AM Period,9994,MONDAY,WEEKDAY,0,7,Autumn
353,30/7/19,AM Period,9910,TUESDAY,WEEKDAY,0,7,Autumn
1127,30/7/19,Lunch Period,9741,TUESDAY,WEEKDAY,0,7,Autumn
1128,30/7/19,Night,8096,TUESDAY,WEEKDAY,0,7,Autumn
1175,30/7/19,PM Period,17274,TUESDAY,WEEKDAY,0,7,Autumn
352,31/7/19,Lunch Period,10192,WEDNESDAY,WEEKDAY,0,7,Autumn
556,31/7/19,Night,9603,WEDNESDAY,WEEKDAY,0,7,Autumn
1327,31/7/19,AM Period,10048,WEDNESDAY,WEEKDAY,0,7,Autumn
1440,31/7/19,PM Period,18526,WEDNESDAY,WEEKDAY,0,7,Autumn
354,1/8/19,AM Period,9988,THURSDAY,WEEKDAY,0,8,Autumn
501,1/8/19,Lunch Period,10893,THURSDAY,WEEKDAY,0,8,Autumn
1018,1/8/19,PM Period,19355,THURSDAY,WEEKDAY,0,8,Autumn
1442,1/8/19,Night,11853,THURSDAY,WEEKDAY,0,8,Autumn
186,2/8/19,PM Period,18718,FRIDAY,WEEKDAY,0,8,Autumn
189,2/8/19,AM Period,8789,FRIDAY,WEEKDAY,0,8,Autumn
298,2/8/19,Lunch Period,10672,FRIDAY,WEEKDAY,0,8,Autumn
1017,2/8/19,Night,13539,FRIDAY,WEEKDAY,0,8,Autumn
187,3/8/19,Night,15992,SATURDAY,WEEKEND,0,8,Autumn
454,3/8/19,PM Period,13017,SATURDAY,WEEKEND,0,8,Autumn
602,3/8/19,Lunch Period,6307,SATURDAY,WEEKEND,0,8,Autumn
1388,3/8/19,AM Period,4206,SATURDAY,WEEKEND,0,8,Autumn
94,4/8/19,Lunch Period,5926,SUNDAY,WEEKEND,0,8,Autumn
233,4/8/19,PM Period,10740,SUNDAY,WEEKEND,0,8,Autumn
301,4/8/19,AM Period,4444,SUNDAY,WEEKEND,0,8,Autumn
455,4/8/19,Night,13763,SUNDAY,WEEKEND,0,8,Autumn
294,5/8/19,Night,8661,MONDAY,WEEKDAY,0,8,Autumn
697,5/8/19,AM Period,10588,MONDAY,WEEKDAY,0,8,Autumn
920,5/8/19,Lunch Period,9624,MONDAY,WEEKDAY,0,8,Autumn
1380,5/8/19,PM Period,17635,MONDAY,WEEKDAY,0,8,Autumn
31,6/8/19,Night,9279,TUESDAY,WEEKDAY,0,8,Autumn
232,6/8/19,Lunch Period,10179,TUESDAY,WEEKDAY,0,8,Autumn
1176,6/8/19,PM Period,18789,TUESDAY,WEEKDAY,0,8,Autumn
1177,6/8/19,AM Period,10236,TUESDAY,WEEKDAY,0,8,Autumn
188,7/8/19,Night,9829,WEDNESDAY,WEEKDAY,0,8,Autumn
558,7/8/19,AM Period,10795,WEDNESDAY,WEEKDAY,0,8,Autumn
918,7/8/19,Lunch Period,11381,WEDNESDAY,WEEKDAY,0,8,Autumn
1227,7/8/19,PM Period,19699,WEDNESDAY,WEEKDAY,0,8,Autumn
295,8/8/19,Lunch Period,10949,THURSDAY,WEEKDAY,0,8,Autumn
1131,8/8/19,PM Period,20723,THURSDAY,WEEKDAY,0,8,Autumn
1330,8/8/19,AM Period,10566,THURSDAY,WEEKDAY,0,8,Autumn
1382,8/8/19,Night,11196,THURSDAY,WEEKDAY,0,8,Autumn
140,9/8/19,Night,11070,FRIDAY,WEEKDAY,0,8,Autumn
557,9/8/19,PM Period,19010,FRIDAY,WEEKDAY,0,8,Autumn
603,9/8/19,Lunch Period,10423,FRIDAY,WEEKDAY,0,8,Autumn
857,9/8/19,AM Period,9201,FRIDAY,WEEKDAY,0,8,Autumn
191,10/8/19,Night,13330,SATURDAY,WEEKEND,0,8,Autumn
192,10/8/19,Lunch Period,5912,SATURDAY,WEEKEND,0,8,Autumn
456,10/8/19,PM Period,12311,SATURDAY,WEEKEND,0,8,Autumn
601,10/8/19,AM Period,4198,SATURDAY,WEEKEND,0,8,Autumn
408,11/8/19,AM Period,4516,SUNDAY,WEEKEND,0,8,Autumn
604,11/8/19,PM Period,8509,SUNDAY,WEEKEND,0,8,Autumn
700,11/8/19,Lunch Period,5098,SUNDAY,WEEKEND,0,8,Autumn
798,11/8/19,Night,11107,SUNDAY,WEEKEND,0,8,Autumn
231,12/8/19,AM Period,9447,MONDAY,WEEKDAY,0,8,Autumn
503,12/8/19,Lunch Period,8581,MONDAY,WEEKDAY,0,8,Autumn
1179,12/8/19,PM Period,17626,MONDAY,WEEKDAY,0,8,Autumn
1384,12/8/19,Night,7592,MONDAY,WEEKDAY,0,8,Autumn
139,13/8/19,Lunch Period,9777,TUESDAY,WEEKDAY,0,8,Autumn
696,13/8/19,AM Period,10015,TUESDAY,WEEKDAY,0,8,Autumn
916,13/8/19,PM Period,18068,TUESDAY,WEEKDAY,0,8,Autumn
1329,13/8/19,Night,7500,TUESDAY,WEEKDAY,0,8,Autumn
137,14/8/19,Night,8454,WEDNESDAY,WEEKDAY,0,8,Autumn
644,14/8/19,AM Period,9884,WEDNESDAY,WEEKDAY,0,8,Autumn
799,14/8/19,Lunch Period,9935,WEDNESDAY,WEEKDAY,0,8,Autumn
858,14/8/19,PM Period,19261,WEDNESDAY,WEEKDAY,0,8,Autumn
93,15/8/19,PM Period,19070,THURSDAY,WEEKDAY,0,8,Autumn
1078,15/8/19,AM Period,10154,THURSDAY,WEEKDAY,0,8,Autumn
1283,15/8/19,Night,9851,THURSDAY,WEEKDAY,0,8,Autumn
1381,15/8/19,Lunch Period,10308,THURSDAY,WEEKDAY,0,8,Autumn
293,16/8/19,PM Period,18051,FRIDAY,WEEKDAY,0,8,Autumn
500,16/8/19,Lunch Period,9905,FRIDAY,WEEKDAY,0,8,Autumn
968,16/8/19,AM Period,8605,FRIDAY,WEEKDAY,0,8,Autumn
1020,16/8/19,Night,10260,FRIDAY,WEEKDAY,0,8,Autumn
190,17/8/19,Lunch Period,6056,SATURDAY,WEEKEND,0,8,Autumn
357,17/8/19,AM Period,3965,SATURDAY,WEEKEND,0,8,Autumn
1282,17/8/19,PM Period,11202,SATURDAY,WEEKEND,0,8,Autumn
1383,17/8/19,Night,12357,SATURDAY,WEEKEND,0,8,Autumn
406,18/8/19,Lunch Period,4563,SUNDAY,WEEKEND,0,8,Autumn
502,18/8/19,AM Period,4016,SUNDAY,WEEKEND,0,8,Autumn
699,18/8/19,PM Period,8471,SUNDAY,WEEKEND,0,8,Autumn
1178,18/8/19,Night,10724,SUNDAY,WEEKEND,0,8,Autumn
299,19/8/19,Night,7676,MONDAY,WEEKDAY,0,8,Autumn
351,19/8/19,Lunch Period,9042,MONDAY,WEEKDAY,0,8,Autumn
917,19/8/19,PM Period,15479,MONDAY,WEEKDAY,0,8,Autumn
1387,19/8/19,AM Period,9601,MONDAY,WEEKDAY,0,8,Autumn
138,20/8/19,Lunch Period,11432,TUESDAY,WEEKDAY,0,8,Autumn
358,20/8/19,Night,9045,TUESDAY,WEEKDAY,0,8,Autumn
971,20/8/19,PM Period,18295,TUESDAY,WEEKDAY,0,8,Autumn
1077,20/8/19,AM Period,10433,TUESDAY,WEEKDAY,0,8,Autumn
698,21/8/19,PM Period,19374,WEDNESDAY,WEEKDAY,0,8,Autumn
701,21/8/19,Lunch Period,10666,WEDNESDAY,WEEKDAY,0,8,Autumn
1180,21/8/19,AM Period,10490,WEDNESDAY,WEEKDAY,0,8,Autumn
1228,21/8/19,Night,10175,WEDNESDAY,WEEKDAY,0,8,Autumn
297,22/8/19,AM Period,10589,THURSDAY,WEEKDAY,0,8,Autumn
355,22/8/19,Lunch Period,10619,THURSDAY,WEEKDAY,0,8,Autumn
356,22/8/19,Night,10461,THURSDAY,WEEKDAY,0,8,Autumn
1328,22/8/19,PM Period,19803,THURSDAY,WEEKDAY,0,8,Autumn
359,23/8/19,Night,10529,FRIDAY,WEEKDAY,0,8,Autumn
599,23/8/19,PM Period,18747,FRIDAY,WEEKDAY,0,8,Autumn
800,23/8/19,AM Period,9252,FRIDAY,WEEKDAY,0,8,Autumn
969,23/8/19,Lunch Period,10322,FRIDAY,WEEKDAY,0,8,Autumn
407,24/8/19,Lunch Period,5407,SATURDAY,WEEKEND,0,8,Autumn
919,24/8/19,Night,12715,SATURDAY,WEEKEND,0,8,Autumn
1130,24/8/19,AM Period,4111,SATURDAY,WEEKEND,0,8,Autumn
1439,24/8/19,PM Period,11522,SATURDAY,WEEKEND,0,8,Autumn
32,25/8/19,PM Period,8441,SUNDAY,WEEKEND,0,8,Autumn
645,25/8/19,AM Period,4380,SUNDAY,WEEKEND,0,8,Autumn
695,25/8/19,Lunch Period,5040,SUNDAY,WEEKEND,0,8,Autumn
860,25/8/19,Night,10437,SUNDAY,WEEKEND,0,8,Autumn
95,26/8/19,Night,6604,MONDAY,WEEKDAY,0,8,Autumn
405,26/8/19,PM Period,17171,MONDAY,WEEKDAY,0,8,Autumn
751,26/8/19,Lunch Period,9238,MONDAY,WEEKDAY,0,8,Autumn
1386,26/8/19,AM Period,10773,MONDAY,WEEKDAY,0,8,Autumn
30,27/8/19,Lunch Period,9428,TUESDAY,WEEKDAY,0,8,Autumn
921,27/8/19,AM Period,9821,TUESDAY,WEEKDAY,0,8,Autumn
1385,27/8/19,PM Period,16659,TUESDAY,WEEKDAY,0,8,Autumn
1443,27/8/19,Night,7190,TUESDAY,WEEKDAY,0,8,Autumn
300,28/8/19,Night,8131,WEDNESDAY,WEEKDAY,0,8,Autumn
555,28/8/19,PM Period,17907,WEDNESDAY,WEEKDAY,0,8,Autumn
702,28/8/19,AM Period,9722,WEDNESDAY,WEEKDAY,0,8,Autumn
1331,28/8/19,Lunch Period,9550,WEDNESDAY,WEEKDAY,0,8,Autumn
296,29/8/19,AM Period,9612,THURSDAY,WEEKDAY,0,8,Autumn
859,29/8/19,Lunch Period,9985,THURSDAY,WEEKDAY,0,8,Autumn
1019,29/8/19,PM Period,19190,THURSDAY,WEEKDAY,0,8,Autumn
1129,29/8/19,Night,9121,THURSDAY,WEEKDAY,0,8,Autumn
193,30/8/19,AM Period,8194,FRIDAY,WEEKDAY,0,8,Autumn
230,30/8/19,Night,9371,FRIDAY,WEEKDAY,0,8,Autumn
1281,30/8/19,PM Period,15718,FRIDAY,WEEKDAY,0,8,Autumn
1441,30/8/19,Lunch Period,9371,FRIDAY,WEEKDAY,0,8,Autumn
600,31/8/19,Lunch Period,5162,SATURDAY,WEEKEND,0,8,Autumn
914,31/8/19,Night,11784,SATURDAY,WEEKEND,0,8,Autumn
970,31/8/19,PM Period,10880,SATURDAY,WEEKEND,0,8,Autumn
1021,31/8/19,AM Period,3294,SATURDAY,WEEKEND,0,8,Autumn
87,1/9/19,PM Period,8933,SUNDAY,WEEKEND,0,9,Autumn
497,1/9/19,Night,10926,SUNDAY,WEEKEND,0,9,Autumn
598,1/9/19,AM Period,3288,SUNDAY,WEEKEND,0,9,Autumn
1009,1/9/19,Lunch Period,4550,SUNDAY,WEEKEND,0,9,Autumn
126,2/9/19,PM Period,7449,MONDAY,WEEKDAY,1,9,Autumn
292,2/9/19,Night,6581,MONDAY,WEEKDAY,1,9,Autumn
499,2/9/19,AM Period,2666,MONDAY,WEEKDAY,1,9,Autumn
1270,2/9/19,Lunch Period,3981,MONDAY,WEEKDAY,1,9,Autumn
287,3/9/19,PM Period,15861,TUESDAY,WEEKDAY,0,9,Autumn
392,3/9/19,AM Period,10483,TUESDAY,WEEKDAY,0,9,Autumn
1121,3/9/19,Lunch Period,8081,TUESDAY,WEEKDAY,0,9,Autumn
1124,3/9/19,Night,6636,TUESDAY,WEEKDAY,0,9,Autumn
85,4/9/19,AM Period,9543,WEDNESDAY,WEEKDAY,0,9,Autumn
176,4/9/19,Night,7395,WEDNESDAY,WEEKDAY,0,9,Autumn
1170,4/9/19,Lunch Period,9364,WEDNESDAY,WEEKDAY,0,9,Autumn
1269,4/9/19,PM Period,17427,WEDNESDAY,WEEKDAY,0,9,Autumn
127,5/9/19,PM Period,19459,THURSDAY,WEEKDAY,0,9,Autumn
395,5/9/19,Lunch Period,10272,THURSDAY,WEEKDAY,0,9,Autumn
962,5/9/19,Night,9817,THURSDAY,WEEKDAY,0,9,Autumn
1123,5/9/19,AM Period,10145,THURSDAY,WEEKDAY,0,9,Autumn
83,6/9/19,PM Period,17295,FRIDAY,WEEKDAY,0,9,Autumn
88,6/9/19,Night,10171,FRIDAY,WEEKDAY,0,9,Autumn
544,6/9/19,AM Period,9488,FRIDAY,WEEKDAY,0,9,Autumn
906,6/9/19,Lunch Period,9846,FRIDAY,WEEKDAY,0,9,Autumn
688,7/9/19,Night,10716,SATURDAY,WEEKEND,0,9,Autumn
905,7/9/19,Lunch Period,4858,SATURDAY,WEEKEND,0,9,Autumn
1166,7/9/19,PM Period,10183,SATURDAY,WEEKEND,0,9,Autumn
1168,7/9/19,AM Period,3654,SATURDAY,WEEKEND,0,9,Autumn
345,8/9/19,PM Period,8320,SUNDAY,WEEKEND,0,9,Autumn
404,8/9/19,AM Period,3933,SUNDAY,WEEKEND,0,9,Autumn
1374,8/9/19,Night,9992,SUNDAY,WEEKEND,0,9,Autumn
1376,8/9/19,Lunch Period,5068,SUNDAY,WEEKEND,0,9,Autumn
288,9/9/19,Night,6820,MONDAY,WEEKDAY,0,9,Autumn
850,9/9/19,Lunch Period,9817,MONDAY,WEEKDAY,0,9,Autumn
1122,9/9/19,AM Period,10329,MONDAY,WEEKDAY,0,9,Autumn
1375,9/9/19,PM Period,17202,MONDAY,WEEKDAY,0,9,Autumn
344,10/9/19,PM Period,20724,TUESDAY,WEEKDAY,0,9,Autumn
904,10/9/19,Lunch Period,10880,TUESDAY,WEEKDAY,0,9,Autumn
1070,10/9/19,AM Period,11210,TUESDAY,WEEKDAY,0,9,Autumn
1226,10/9/19,Night,8750,TUESDAY,WEEKDAY,0,9,Autumn
82,11/9/19,PM Period,21691,WEDNESDAY,WEEKDAY,0,9,Autumn
86,11/9/19,Night,10396,WEDNESDAY,WEEKDAY,0,9,Autumn
637,11/9/19,AM Period,12238,WEDNESDAY,WEEKDAY,0,9,Autumn
1267,11/9/19,Lunch Period,12347,WEDNESDAY,WEEKDAY,0,9,Autumn
791,12/9/19,AM Period,11924,THURSDAY,WEEKDAY,0,9,Autumn
1071,12/9/19,Lunch Period,11664,THURSDAY,WEEKDAY,0,9,Autumn
1263,12/9/19,Night,11552,THURSDAY,WEEKDAY,0,9,Autumn
1322,12/9/19,PM Period,21564,THURSDAY,WEEKDAY,0,9,Autumn
849,13/9/19,AM Period,11294,FRIDAY,WEEKDAY,0,9,Autumn
1069,13/9/19,Night,12923,FRIDAY,WEEKDAY,0,9,Autumn
1271,13/9/19,Lunch Period,11525,FRIDAY,WEEKDAY,0,9,Autumn
1321,13/9/19,PM Period,21179,FRIDAY,WEEKDAY,0,9,Autumn
21,14/9/19,Lunch Period,6345,SATURDAY,WEEKEND,0,9,Autumn
496,14/9/19,PM Period,12860,SATURDAY,WEEKEND,0,9,Autumn
854,14/9/19,Night,13129,SATURDAY,WEEKEND,0,9,Autumn
963,14/9/19,AM Period,4317,SATURDAY,WEEKEND,0,9,Autumn
397,15/9/19,AM Period,4579,SUNDAY,WEEKEND,0,9,Autumn
547,15/9/19,Lunch Period,5516,SUNDAY,WEEKEND,0,9,Autumn
960,15/9/19,Night,11513,SUNDAY,WEEKEND,0,9,Autumn
1429,15/9/19,PM Period,10876,SUNDAY,WEEKEND,0,9,Autumn
125,16/9/19,PM Period,18665,MONDAY,WEEKDAY,0,9,Autumn
343,16/9/19,AM Period,11523,MONDAY,WEEKDAY,0,9,Autumn
449,16/9/19,Night,8035,MONDAY,WEEKDAY,0,9,Autumn
790,16/9/19,Lunch Period,9830,MONDAY,WEEKDAY,0,9,Autumn
23,17/9/19,Lunch Period,11077,TUESDAY,WEEKDAY,0,9,Autumn
391,17/9/19,PM Period,20555,TUESDAY,WEEKDAY,0,9,Autumn
638,17/9/19,AM Period,11350,TUESDAY,WEEKDAY,0,9,Autumn
851,17/9/19,Night,9073,TUESDAY,WEEKDAY,0,9,Autumn
225,18/9/19,AM Period,11605,WEDNESDAY,WEEKDAY,0,9,Autumn
226,18/9/19,Night,9867,WEDNESDAY,WEEKDAY,0,9,Autumn
393,18/9/19,PM Period,20903,WEDNESDAY,WEEKDAY,0,9,Autumn
1169,18/9/19,Lunch Period,11359,WEDNESDAY,WEEKDAY,0,9,Autumn
178,19/9/19,AM Period,11405,THURSDAY,WEEKDAY,0,9,Autumn
543,19/9/19,PM Period,22507,THURSDAY,WEEKDAY,0,9,Autumn
1221,19/9/19,Night,11610,THURSDAY,WEEKDAY,0,9,Autumn
1222,19/9/19,Lunch Period,11728,THURSDAY,WEEKDAY,0,9,Autumn
289,20/9/19,AM Period,10607,FRIDAY,WEEKDAY,0,9,Autumn
390,20/9/19,Lunch Period,11618,FRIDAY,WEEKDAY,0,9,Autumn
493,20/9/19,PM Period,21565,FRIDAY,WEEKDAY,0,9,Autumn
853,20/9/19,Night,12041,FRIDAY,WEEKDAY,0,9,Autumn
22,21/9/19,AM Period,4598,SATURDAY,WEEKEND,0,9,Autumn
179,21/9/19,Night,14099,SATURDAY,WEEKEND,0,9,Autumn
1266,21/9/19,PM Period,13138,SATURDAY,WEEKEND,0,9,Autumn
1268,21/9/19,Lunch Period,6180,SATURDAY,WEEKEND,0,9,Autumn
24,22/9/19,Lunch Period,6576,SUNDAY,WEEKEND,0,9,Autumn
545,22/9/19,Night,11522,SUNDAY,WEEKEND,0,9,Autumn
548,22/9/19,AM Period,4862,SUNDAY,WEEKEND,0,9,Autumn
592,22/9/19,PM Period,12508,SUNDAY,WEEKEND,0,9,Autumn
177,23/9/19,Lunch Period,10188,MONDAY,WEEKDAY,0,9,Autumn
593,23/9/19,Night,7995,MONDAY,WEEKDAY,0,9,Autumn
744,23/9/19,PM Period,19181,MONDAY,WEEKDAY,0,9,Autumn
907,23/9/19,AM Period,11271,MONDAY,WEEKDAY,0,9,Autumn
84,24/9/19,PM Period,21361,TUESDAY,WEEKDAY,0,9,Autumn
394,24/9/19,Night,8912,TUESDAY,WEEKDAY,0,9,Autumn
446,24/9/19,Lunch Period,11398,TUESDAY,WEEKDAY,0,9,Autumn
447,24/9/19,AM Period,11885,TUESDAY,WEEKDAY,0,9,Autumn
396,25/9/19,Lunch Period,11826,WEDNESDAY,WEEKDAY,0,9,Autumn
1011,25/9/19,Night,9636,WEDNESDAY,WEEKDAY,0,9,Autumn
1068,25/9/19,AM Period,12180,WEDNESDAY,WEEKDAY,0,9,Autumn
1265,25/9/19,PM Period,21725,WEDNESDAY,WEEKDAY,0,9,Autumn
546,26/9/19,AM Period,11962,THURSDAY,WEEKDAY,0,9,Autumn
589,26/9/19,Night,10861,THURSDAY,WEEKDAY,0,9,Autumn
852,26/9/19,Lunch Period,11186,THURSDAY,WEEKDAY,0,9,Autumn
961,26/9/19,PM Period,21754,THURSDAY,WEEKDAY,0,9,Autumn
342,27/9/19,PM Period,21656,FRIDAY,WEEKDAY,0,9,Autumn
448,27/9/19,Lunch Period,12718,FRIDAY,WEEKDAY,0,9,Autumn
494,27/9/19,AM Period,10543,FRIDAY,WEEKDAY,0,9,Autumn
1264,27/9/19,Night,11968,FRIDAY,WEEKDAY,0,9,Autumn
224,28/9/19,PM Period,10924,SATURDAY,WEEKEND,0,9,Autumn
743,28/9/19,AM Period,4484,SATURDAY,WEEKEND,0,9,Autumn
1008,28/9/19,Lunch Period,5747,SATURDAY,WEEKEND,0,9,Autumn
1167,28/9/19,Night,12598,SATURDAY,WEEKEND,0,9,Autumn
591,29/9/19,Night,10846,SUNDAY,WEEKEND,0,9,Autumn
693,29/9/19,AM Period,4585,SUNDAY,WEEKEND,0,9,Autumn
1010,29/9/19,PM Period,8952,SUNDAY,WEEKEND,0,9,Autumn
1377,29/9/19,Lunch Period,5147,SUNDAY,WEEKEND,0,9,Autumn
450,30/9/19,Lunch Period,8532,MONDAY,WEEKDAY,0,9,Autumn
495,30/9/19,AM Period,9658,MONDAY,WEEKDAY,0,9,Autumn
590,30/9/19,PM Period,15799,MONDAY,WEEKDAY,0,9,Autumn
1171,30/9/19,Night,6075,MONDAY,WEEKDAY,0,9,Autumn
749,1/10/19,Night,6815,TUESDAY,WEEKDAY,0,10,Winter
1015,1/10/19,Lunch Period,9614,TUESDAY,WEEKDAY,0,10,Winter
1073,1/10/19,PM Period,18652,TUESDAY,WEEKDAY,0,10,Winter
1274,1/10/19,AM Period,10076,TUESDAY,WEEKDAY,0,10,Winter
29,2/10/19,Night,8765,WEDNESDAY,WEEKDAY,0,10,Winter
183,2/10/19,PM Period,22108,WEDNESDAY,WEEKDAY,0,10,Winter
796,2/10/19,Lunch Period,11280,WEDNESDAY,WEEKDAY,0,10,Winter
1432,2/10/19,AM Period,12443,WEDNESDAY,WEEKDAY,0,10,Winter
27,3/10/19,Lunch Period,11123,THURSDAY,WEEKDAY,0,10,Winter
750,3/10/19,Night,10462,THURSDAY,WEEKDAY,0,10,Winter
964,3/10/19,AM Period,11550,THURSDAY,WEEKDAY,0,10,Winter
1324,3/10/19,PM Period,21364,THURSDAY,WEEKDAY,0,10,Winter
290,4/10/19,Night,10301,FRIDAY,WEEKDAY,0,10,Winter
451,4/10/19,Lunch Period,10771,FRIDAY,WEEKDAY,0,10,Winter
793,4/10/19,PM Period,20459,FRIDAY,WEEKDAY,0,10,Winter
1278,4/10/19,AM Period,10563,FRIDAY,WEEKDAY,0,10,Winter
228,5/10/19,AM Period,4158,SATURDAY,WEEKEND,0,10,Winter
403,5/10/19,Night,11619,SATURDAY,WEEKEND,0,10,Winter
453,5/10/19,Lunch Period,5440,SATURDAY,WEEKEND,0,10,Winter
553,5/10/19,PM Period,12655,SATURDAY,WEEKEND,0,10,Winter
795,6/10/19,Lunch Period,5338,SUNDAY,WEEKEND,0,10,Winter
909,6/10/19,Night,9712,SUNDAY,WEEKEND,0,10,Winter
1075,6/10/19,PM Period,8966,SUNDAY,WEEKEND,0,10,Winter
1438,6/10/19,AM Period,4146,SUNDAY,WEEKEND,0,10,Winter
28,7/10/19,AM Period,10185,MONDAY,WEEKDAY,0,10,Winter
689,7/10/19,Night,6561,MONDAY,WEEKDAY,0,10,Winter
908,7/10/19,PM Period,16266,MONDAY,WEEKDAY,0,10,Winter
912,7/10/19,Lunch Period,9150,MONDAY,WEEKDAY,0,10,Winter
229,8/10/19,Night,6801,TUESDAY,WEEKDAY,0,10,Winter
690,8/10/19,Lunch Period,9828,TUESDAY,WEEKDAY,0,10,Winter
1433,8/10/19,PM Period,17875,TUESDAY,WEEKDAY,0,10,Winter
1437,8/10/19,AM Period,10285,TUESDAY,WEEKDAY,0,10,Winter
642,9/10/19,Night,7843,WEDNESDAY,WEEKDAY,0,10,Winter
746,9/10/19,PM Period,18393,WEDNESDAY,WEEKDAY,0,10,Winter
748,9/10/19,Lunch Period,9574,WEDNESDAY,WEEKDAY,0,10,Winter
1014,9/10/19,AM Period,10059,WEDNESDAY,WEEKDAY,0,10,Winter
128,10/10/19,PM Period,22073,THURSDAY,WEEKDAY,0,10,Winter
182,10/10/19,AM Period,11045,THURSDAY,WEEKDAY,0,10,Winter
1277,10/10/19,Lunch Period,11016,THURSDAY,WEEKDAY,0,10,Winter
1430,10/10/19,Night,10668,THURSDAY,WEEKDAY,0,10,Winter
554,11/10/19,AM Period,11669,FRIDAY,WEEKDAY,0,10,Winter
640,11/10/19,Lunch Period,12440,FRIDAY,WEEKDAY,0,10,Winter
747,11/10/19,PM Period,23942,FRIDAY,WEEKDAY,0,10,Winter
1225,11/10/19,Night,11014,FRIDAY,WEEKDAY,0,10,Winter
90,12/10/19,PM Period,12510,SATURDAY,WEEKEND,0,10,Winter
913,12/10/19,Night,11243,SATURDAY,WEEKEND,0,10,Winter
1076,12/10/19,AM Period,4851,SATURDAY,WEEKEND,0,10,Winter
1280,12/10/19,Lunch Period,6756,SATURDAY,WEEKEND,0,10,Winter
91,13/10/19,Night,10175,SUNDAY,WEEKEND,0,10,Winter
346,13/10/19,PM Period,12201,SUNDAY,WEEKEND,0,10,Winter
595,13/10/19,AM Period,4629,SUNDAY,WEEKEND,0,10,Winter
1435,13/10/19,Lunch Period,5804,SUNDAY,WEEKEND,0,10,Winter
26,14/10/19,Night,7431,MONDAY,WEEKDAY,1,10,Winter
347,14/10/19,AM Period,9731,MONDAY,WEEKDAY,1,10,Winter
1125,14/10/19,Lunch Period,9329,MONDAY,WEEKDAY,1,10,Winter
1431,14/10/19,PM Period,17234,MONDAY,WEEKDAY,1,10,Winter
129,15/10/19,PM Period,21549,TUESDAY,WEEKDAY,0,10,Winter
402,15/10/19,Night,8559,TUESDAY,WEEKDAY,0,10,Winter
691,15/10/19,AM Period,11361,TUESDAY,WEEKDAY,0,10,Winter
1436,15/10/19,Lunch Period,11285,TUESDAY,WEEKDAY,0,10,Winter
131,16/10/19,AM Period,12057,WEDNESDAY,WEEKDAY,0,10,Winter
136,16/10/19,Lunch Period,11974,WEDNESDAY,WEEKDAY,0,10,Winter
594,16/10/19,PM Period,22028,WEDNESDAY,WEEKDAY,0,10,Winter
1325,16/10/19,Night,9653,WEDNESDAY,WEEKDAY,0,10,Winter
133,17/10/19,PM Period,21636,THURSDAY,WEEKDAY,0,10,Winter
350,17/10/19,Night,11010,THURSDAY,WEEKDAY,0,10,Winter
855,17/10/19,AM Period,11635,THURSDAY,WEEKDAY,0,10,Winter
966,17/10/19,Lunch Period,11813,THURSDAY,WEEKDAY,0,10,Winter
291,18/10/19,AM Period,10074,FRIDAY,WEEKDAY,0,10,Winter
452,18/10/19,Night,11607,FRIDAY,WEEKDAY,0,10,Winter
1223,18/10/19,Lunch Period,10962,FRIDAY,WEEKDAY,0,10,Winter
1279,18/10/19,PM Period,20838,FRIDAY,WEEKDAY,0,10,Winter
184,19/10/19,PM Period,12400,SATURDAY,WEEKEND,0,10,Winter
185,19/10/19,Night,12820,SATURDAY,WEEKEND,0,10,Winter
551,19/10/19,Lunch Period,6279,SATURDAY,WEEKEND,0,10,Winter
1434,19/10/19,AM Period,4356,SATURDAY,WEEKEND,0,10,Winter
549,20/10/19,Lunch Period,6088,SUNDAY,WEEKEND,0,10,Winter
1173,20/10/19,AM Period,4871,SUNDAY,WEEKEND,0,10,Winter
1224,20/10/19,PM Period,10972,SUNDAY,WEEKEND,0,10,Winter
1323,20/10/19,Night,11906,SUNDAY,WEEKEND,0,10,Winter
92,21/10/19,PM Period,17925,MONDAY,WEEKDAY,0,10,Winter
349,21/10/19,Lunch Period,10235,MONDAY,WEEKDAY,0,10,Winter
1012,21/10/19,Night,8037,MONDAY,WEEKDAY,0,10,Winter
1126,21/10/19,AM Period,11230,MONDAY,WEEKDAY,0,10,Winter
135,22/10/19,AM Period,12015,TUESDAY,WEEKDAY,0,10,Winter
398,22/10/19,PM Period,20388,TUESDAY,WEEKDAY,0,10,Winter
794,22/10/19,Lunch Period,11445,TUESDAY,WEEKDAY,0,10,Winter
1072,22/10/19,Night,8734,TUESDAY,WEEKDAY,0,10,Winter
130,23/10/19,Lunch Period,11427,WEDNESDAY,WEEKDAY,0,10,Winter
550,23/10/19,AM Period,11465,WEDNESDAY,WEEKDAY,0,10,Winter
965,23/10/19,PM Period,20405,WEDNESDAY,WEEKDAY,0,10,Winter
1013,23/10/19,Night,9072,WEDNESDAY,WEEKDAY,0,10,Winter
89,24/10/19,Lunch Period,11097,THURSDAY,WEEKDAY,0,10,Winter
639,24/10/19,AM Period,11242,THURSDAY,WEEKDAY,0,10,Winter
910,24/10/19,PM Period,21265,THURSDAY,WEEKDAY,0,10,Winter
1276,24/10/19,Night,10641,THURSDAY,WEEKDAY,0,10,Winter
745,25/10/19,AM Period,9825,FRIDAY,WEEKDAY,0,10,Winter
1074,25/10/19,Night,10931,FRIDAY,WEEKDAY,0,10,Winter
1172,25/10/19,PM Period,20317,FRIDAY,WEEKDAY,0,10,Winter
1272,25/10/19,Lunch Period,10941,FRIDAY,WEEKDAY,0,10,Winter
400,26/10/19,PM Period,14881,SATURDAY,WEEKEND,0,10,Winter
552,26/10/19,Night,12564,SATURDAY,WEEKEND,0,10,Winter
692,26/10/19,Lunch Period,6394,SATURDAY,WEEKEND,0,10,Winter
1379,26/10/19,AM Period,4279,SATURDAY,WEEKEND,0,10,Winter
227,27/10/19,Lunch Period,5554,SUNDAY,WEEKEND,0,10,Winter
348,27/10/19,Night,11505,SUNDAY,WEEKEND,0,10,Winter
399,27/10/19,PM Period,10906,SUNDAY,WEEKEND,0,10,Winter
641,27/10/19,AM Period,5239,SUNDAY,WEEKEND,0,10,Winter
25,28/10/19,Night,7892,MONDAY,WEEKDAY,0,10,Winter
132,28/10/19,AM Period,10684,MONDAY,WEEKDAY,0,10,Winter
134,28/10/19,PM Period,17956,MONDAY,WEEKDAY,0,10,Winter
597,28/10/19,Lunch Period,8798,MONDAY,WEEKDAY,0,10,Winter
180,29/10/19,AM Period,12159,TUESDAY,WEEKDAY,0,10,Winter
401,29/10/19,Lunch Period,10976,TUESDAY,WEEKDAY,0,10,Winter
1016,29/10/19,Night,8689,TUESDAY,WEEKDAY,0,10,Winter
1378,29/10/19,PM Period,21027,TUESDAY,WEEKDAY,0,10,Winter
181,30/10/19,AM Period,12848,WEDNESDAY,WEEKDAY,0,10,Winter
498,30/10/19,PM Period,21718,WEDNESDAY,WEEKDAY,0,10,Winter
911,30/10/19,Night,9178,WEDNESDAY,WEEKDAY,0,10,Winter
1275,30/10/19,Lunch Period,12274,WEDNESDAY,WEEKDAY,0,10,Winter
596,31/10/19,Night,8047,THURSDAY,WEEKDAY,0,10,Winter
687,31/10/19,PM Period,20308,THURSDAY,WEEKDAY,0,10,Winter
792,31/10/19,Lunch Period,10904,THURSDAY,WEEKDAY,0,10,Winter
1273,31/10/19,AM Period,11322,THURSDAY,WEEKDAY,0,10,Winter
20,1/11/19,Lunch Period,10303,FRIDAY,WEEKDAY,0,11,Winter
282,1/11/19,Night,11528,FRIDAY,WEEKDAY,0,11,Winter
387,1/11/19,PM Period,20276,FRIDAY,WEEKDAY,0,11,Winter
443,1/11/19,AM Period,10759,FRIDAY,WEEKDAY,0,11,Winter
585,2/11/19,Night,11888,SATURDAY,WEEKEND,0,11,Winter
586,2/11/19,Lunch Period,5473,SATURDAY,WEEKEND,0,11,Winter
740,2/11/19,AM Period,3922,SATURDAY,WEEKEND,0,11,Winter
1262,2/11/19,PM Period,11326,SATURDAY,WEEKEND,0,11,Winter
285,3/11/19,Night,10524,SUNDAY,WEEKEND,0,11,Winter
340,3/11/19,AM Period,4701,SUNDAY,WEEKEND,0,11,Winter
492,3/11/19,PM Period,8374,SUNDAY,WEEKEND,0,11,Winter
587,3/11/19,Lunch Period,4875,SUNDAY,WEEKEND,0,11,Winter
123,4/11/19,Night,6541,MONDAY,WEEKDAY,0,11,Winter
336,4/11/19,PM Period,17096,MONDAY,WEEKDAY,0,11,Winter
442,4/11/19,Lunch Period,8883,MONDAY,WEEKDAY,0,11,Winter
684,4/11/19,AM Period,10030,MONDAY,WEEKDAY,0,11,Winter
9,5/11/19,AM Period,10759,TUESDAY,WEEKDAY,0,11,Winter
899,5/11/19,Lunch Period,10342,TUESDAY,WEEKDAY,0,11,Winter
1116,5/11/19,PM Period,20020,TUESDAY,WEEKDAY,0,11,Winter
1428,5/11/19,Night,7642,TUESDAY,WEEKDAY,0,11,Winter
17,6/11/19,PM Period,20426,WEDNESDAY,WEEKDAY,0,11,Winter
490,6/11/19,Lunch Period,10502,WEDNESDAY,WEEKDAY,0,11,Winter
676,6/11/19,Night,8778,WEDNESDAY,WEEKDAY,0,11,Winter
679,6/11/19,AM Period,10939,WEDNESDAY,WEEKDAY,0,11,Winter
539,7/11/19,AM Period,11990,THURSDAY,WEEKDAY,0,11,Winter
632,7/11/19,Night,10555,THURSDAY,WEEKDAY,0,11,Winter
1106,7/11/19,PM Period,21804,THURSDAY,WEEKDAY,0,11,Winter
1164,7/11/19,Lunch Period,11975,THURSDAY,WEEKDAY,0,11,Winter
222,8/11/19,PM Period,19581,FRIDAY,WEEKDAY,0,11,Winter
898,8/11/19,Lunch Period,10705,FRIDAY,WEEKDAY,0,11,Winter
1370,8/11/19,AM Period,10303,FRIDAY,WEEKDAY,0,11,Winter
1427,8/11/19,Night,9768,FRIDAY,WEEKDAY,0,11,Winter
170,9/11/19,Night,11341,SATURDAY,WEEKEND,0,11,Winter
444,9/11/19,PM Period,10930,SATURDAY,WEEKEND,0,11,Winter
636,9/11/19,AM Period,3995,SATURDAY,WEEKEND,0,11,Winter
686,9/11/19,Lunch Period,5418,SATURDAY,WEEKEND,0,11,Winter
541,10/11/19,Night,10473,SUNDAY,WEEKEND,0,11,Winter
788,10/11/19,AM Period,4307,SUNDAY,WEEKEND,0,11,Winter
902,10/11/19,Lunch Period,5383,SUNDAY,WEEKEND,0,11,Winter
1115,10/11/19,PM Period,10114,SUNDAY,WEEKEND,0,11,Winter
339,11/11/19,Night,7782,MONDAY,WEEKDAY,1,11,Winter
683,11/11/19,Lunch Period,7764,MONDAY,WEEKDAY,1,11,Winter
901,11/11/19,AM Period,9785,MONDAY,WEEKDAY,1,11,Winter
956,11/11/19,PM Period,17953,MONDAY,WEEKDAY,1,11,Winter
175,12/11/19,AM Period,13217,TUESDAY,WEEKDAY,0,11,Winter
633,12/11/19,PM Period,22509,TUESDAY,WEEKDAY,0,11,Winter
681,12/11/19,Lunch Period,11525,TUESDAY,WEEKDAY,0,11,Winter
682,12/11/19,Night,10070,TUESDAY,WEEKDAY,0,11,Winter
174,13/11/19,PM Period,22320,WEDNESDAY,WEEKDAY,0,11,Winter
634,13/11/19,Lunch Period,12320,WEDNESDAY,WEEKDAY,0,11,Winter
847,13/11/19,Night,9109,WEDNESDAY,WEEKDAY,0,11,Winter
1261,13/11/19,AM Period,13048,WEDNESDAY,WEEKDAY,0,11,Winter
16,14/11/19,AM Period,11941,THURSDAY,WEEKDAY,0,11,Winter
337,14/11/19,Lunch Period,12174,THURSDAY,WEEKDAY,0,11,Winter
845,14/11/19,PM Period,21980,THURSDAY,WEEKDAY,0,11,Winter
1260,14/11/19,Night,10875,THURSDAY,WEEKDAY,0,11,Winter
389,15/11/19,Night,9827,FRIDAY,WEEKDAY,0,11,Winter
685,15/11/19,Lunch Period,10807,FRIDAY,WEEKDAY,0,11,Winter
741,15/11/19,AM Period,10801,FRIDAY,WEEKDAY,0,11,Winter
786,15/11/19,PM Period,19551,FRIDAY,WEEKDAY,0,11,Winter
542,16/11/19,PM Period,10912,SATURDAY,WEEKEND,0,11,Winter
742,16/11/19,Lunch Period,4929,SATURDAY,WEEKEND,0,11,Winter
900,16/11/19,Night,11289,SATURDAY,WEEKEND,0,11,Winter
1006,16/11/19,AM Period,3401,SATURDAY,WEEKEND,0,11,Winter
286,17/11/19,AM Period,3533,SUNDAY,WEEKEND,0,11,Winter
787,17/11/19,PM Period,7873,SUNDAY,WEEKEND,0,11,Winter
903,17/11/19,Lunch Period,4553,SUNDAY,WEEKEND,0,11,Winter
1119,17/11/19,Night,9878,SUNDAY,WEEKEND,0,11,Winter
540,18/11/19,AM Period,10731,MONDAY,WEEKDAY,0,11,Winter
1066,18/11/19,PM Period,18525,MONDAY,WEEKDAY,0,11,Winter
1318,18/11/19,Lunch Period,9263,MONDAY,WEEKDAY,0,11,Winter
1320,18/11/19,Night,7192,MONDAY,WEEKDAY,0,11,Winter
588,19/11/19,Night,8014,TUESDAY,WEEKDAY,0,11,Winter
897,19/11/19,Lunch Period,11153,TUESDAY,WEEKDAY,0,11,Winter
1259,19/11/19,PM Period,20621,TUESDAY,WEEKDAY,0,11,Winter
1316,19/11/19,AM Period,10940,TUESDAY,WEEKDAY,0,11,Winter
953,20/11/19,Night,8772,WEDNESDAY,WEEKDAY,0,11,Winter
1065,20/11/19,AM Period,11113,WEDNESDAY,WEEKDAY,0,11,Winter
1165,20/11/19,Lunch Period,10770,WEDNESDAY,WEEKDAY,0,11,Winter
1369,20/11/19,PM Period,20069,WEDNESDAY,WEEKDAY,0,11,Winter
173,21/11/19,AM Period,12537,THURSDAY,WEEKDAY,0,11,Winter
223,21/11/19,Night,10365,THURSDAY,WEEKDAY,0,11,Winter
491,21/11/19,PM Period,21636,THURSDAY,WEEKDAY,0,11,Winter
785,21/11/19,Lunch Period,11286,THURSDAY,WEEKDAY,0,11,Winter
79,22/11/19,PM Period,20959,FRIDAY,WEEKDAY,0,11,Winter
80,22/11/19,Night,11332,FRIDAY,WEEKDAY,0,11,Winter
283,22/11/19,AM Period,10286,FRIDAY,WEEKDAY,0,11,Winter
1368,22/11/19,Lunch Period,10627,FRIDAY,WEEKDAY,0,11,Winter
81,23/11/19,AM Period,3677,SATURDAY,WEEKEND,0,11,Winter
635,23/11/19,Lunch Period,5507,SATURDAY,WEEKEND,0,11,Winter
1118,23/11/19,Night,11859,SATURDAY,WEEKEND,0,11,Winter
1219,23/11/19,PM Period,9237,SATURDAY,WEEKEND,0,11,Winter
341,24/11/19,AM Period,3950,SUNDAY,WEEKEND,0,11,Winter
957,24/11/19,Lunch Period,4501,SUNDAY,WEEKEND,0,11,Winter
958,24/11/19,Night,8696,SUNDAY,WEEKEND,0,11,Winter
1007,24/11/19,PM Period,7691,SUNDAY,WEEKEND,0,11,Winter
18,25/11/19,Lunch Period,8152,MONDAY,WEEKDAY,0,11,Winter
1120,25/11/19,Night,5064,MONDAY,WEEKDAY,0,11,Winter
1217,25/11/19,AM Period,8552,MONDAY,WEEKDAY,0,11,Winter
1317,25/11/19,PM Period,14716,MONDAY,WEEKDAY,0,11,Winter
172,26/11/19,PM Period,19655,TUESDAY,WEEKDAY,0,11,Winter
1067,26/11/19,AM Period,8200,TUESDAY,WEEKDAY,0,11,Winter
1220,26/11/19,Lunch Period,8919,TUESDAY,WEEKDAY,0,11,Winter
1371,26/11/19,Night,6287,TUESDAY,WEEKDAY,0,11,Winter
281,27/11/19,PM Period,13183,WEDNESDAY,WEEKDAY,0,11,Winter
388,27/11/19,AM Period,7193,WEDNESDAY,WEEKDAY,0,11,Winter
1117,27/11/19,Night,5058,WEDNESDAY,WEEKDAY,0,11,Winter
1218,27/11/19,Lunch Period,8491,WEDNESDAY,WEEKDAY,0,11,Winter
19,28/11/19,AM Period,2639,THURSDAY,WEEKDAY,1,11,Winter
284,28/11/19,PM Period,4947,THURSDAY,WEEKDAY,1,11,Winter
848,28/11/19,Night,5794,THURSDAY,WEEKDAY,1,11,Winter
1372,28/11/19,Lunch Period,3006,THURSDAY,WEEKDAY,1,11,Winter
445,29/11/19,Night,5482,FRIDAY,WEEKDAY,0,11,Winter
846,29/11/19,AM Period,3326,FRIDAY,WEEKDAY,0,11,Winter
1064,29/11/19,Lunch Period,5425,FRIDAY,WEEKDAY,0,11,Winter
1319,29/11/19,PM Period,11079,FRIDAY,WEEKDAY,0,11,Winter
124,30/11/19,AM Period,3902,SATURDAY,WEEKEND,0,11,Winter
338,30/11/19,Night,10533,SATURDAY,WEEKEND,0,11,Winter
959,30/11/19,Lunch Period,6535,SATURDAY,WEEKEND,0,11,Winter
1373,30/11/19,PM Period,13383,SATURDAY,WEEKEND,0,11,Winter
151,1/12/19,AM Period,4867,SUNDAY,WEEKEND,0,12,Winter
571,1/12/19,PM Period,12547,SUNDAY,WEEKEND,0,12,Winter
789,1/12/19,Night,11135,SUNDAY,WEEKEND,0,12,Winter
1409,1/12/19,Lunch Period,5460,SUNDAY,WEEKEND,0,12,Winter
816,2/12/19,PM Period,20965,MONDAY,WEEKDAY,0,12,Winter
875,2/12/19,AM Period,11743,MONDAY,WEEKDAY,0,12,Winter
881,2/12/19,Lunch Period,9966,MONDAY,WEEKDAY,0,12,Winter
1033,2/12/19,Night,10239,MONDAY,WEEKDAY,0,12,Winter
107,3/12/19,AM Period,12499,TUESDAY,WEEKDAY,0,12,Winter
658,3/12/19,PM Period,22336,TUESDAY,WEEKDAY,0,12,Winter
880,3/12/19,Night,10564,TUESDAY,WEEKDAY,0,12,Winter
1344,3/12/19,Lunch Period,11599,TUESDAY,WEEKDAY,0,12,Winter
149,4/12/19,Lunch Period,12223,WEDNESDAY,WEEKDAY,0,12,Winter
614,4/12/19,Night,11272,WEDNESDAY,WEEKDAY,0,12,Winter
1198,4/12/19,AM Period,12157,WEDNESDAY,WEEKDAY,0,12,Winter
1407,4/12/19,PM Period,22474,WEDNESDAY,WEEKDAY,0,12,Winter
106,5/12/19,Night,13311,THURSDAY,WEEKDAY,0,12,Winter
152,5/12/19,AM Period,12218,THURSDAY,WEEKDAY,0,12,Winter
1035,5/12/19,Lunch Period,13238,THURSDAY,WEEKDAY,0,12,Winter
1296,5/12/19,PM Period,23367,THURSDAY,WEEKDAY,0,12,Winter
318,6/12/19,Night,13540,FRIDAY,WEEKDAY,0,12,Winter
987,6/12/19,AM Period,11440,FRIDAY,WEEKDAY,0,12,Winter
1144,6/12/19,Lunch Period,11920,FRIDAY,WEEKDAY,0,12,Winter
1404,6/12/19,PM Period,22660,FRIDAY,WEEKDAY,0,12,Winter
150,7/12/19,Night,14099,SATURDAY,WEEKEND,0,12,Winter
659,7/12/19,Lunch Period,6285,SATURDAY,WEEKEND,0,12,Winter
818,7/12/19,PM Period,13446,SATURDAY,WEEKEND,0,12,Winter
1301,7/12/19,AM Period,3964,SATURDAY,WEEKEND,0,12,Winter
570,8/12/19,AM Period,3960,SUNDAY,WEEKEND,0,12,Winter
878,8/12/19,Lunch Period,4871,SUNDAY,WEEKEND,0,12,Winter
938,8/12/19,Night,10475,SUNDAY,WEEKEND,0,12,Winter
1341,8/12/19,PM Period,8594,SUNDAY,WEEKEND,0,12,Winter
208,9/12/19,Night,7055,MONDAY,WEEKDAY,0,12,Winter
515,9/12/19,AM Period,10196,MONDAY,WEEKDAY,0,12,Winter
1295,9/12/19,PM Period,17865,MONDAY,WEEKDAY,0,12,Winter
1298,9/12/19,Lunch Period,9368,MONDAY,WEEKDAY,0,12,Winter
470,10/12/19,PM Period,21239,TUESDAY,WEEKDAY,0,12,Winter
574,10/12/19,Night,8629,TUESDAY,WEEKDAY,0,12,Winter
815,10/12/19,AM Period,11560,TUESDAY,WEEKDAY,0,12,Winter
1199,10/12/19,Lunch Period,11073,TUESDAY,WEEKDAY,0,12,Winter
105,11/12/19,PM Period,21355,WEDNESDAY,WEEKDAY,0,12,Winter
660,11/12/19,Night,9419,WEDNESDAY,WEEKDAY,0,12,Winter
989,11/12/19,AM Period,11790,WEDNESDAY,WEEKDAY,0,12,Winter
1408,11/12/19,Lunch Period,11632,WEDNESDAY,WEEKDAY,0,12,Winter
418,12/12/19,Lunch Period,11798,THURSDAY,WEEKDAY,0,12,Winter
763,12/12/19,PM Period,22516,THURSDAY,WEEKDAY,0,12,Winter
817,12/12/19,AM Period,11724,THURSDAY,WEEKDAY,0,12,Winter
1195,12/12/19,Night,11820,THURSDAY,WEEKDAY,0,12,Winter
713,13/12/19,PM Period,21608,FRIDAY,WEEKDAY,0,12,Winter
764,13/12/19,AM Period,10058,FRIDAY,WEEKDAY,0,12,Winter
986,13/12/19,Lunch Period,11223,FRIDAY,WEEKDAY,0,12,Winter
1196,13/12/19,Night,13029,FRIDAY,WEEKDAY,0,12,Winter
472,14/12/19,Night,14628,SATURDAY,WEEKEND,0,12,Winter
473,14/12/19,Lunch Period,6084,SATURDAY,WEEKEND,0,12,Winter
940,14/12/19,AM Period,3577,SATURDAY,WEEKEND,0,12,Winter
1300,14/12/19,PM Period,13708,SATURDAY,WEEKEND,0,12,Winter
575,15/12/19,Lunch Period,5038,SUNDAY,WEEKEND,0,12,Winter
1095,15/12/19,PM Period,8315,SUNDAY,WEEKEND,0,12,Winter
1239,15/12/19,AM Period,3730,SUNDAY,WEEKEND,0,12,Winter
1343,15/12/19,Night,10420,SUNDAY,WEEKEND,0,12,Winter
573,16/12/19,Lunch Period,9695,MONDAY,WEEKDAY,0,12,Winter
714,16/12/19,PM Period,17884,MONDAY,WEEKDAY,0,12,Winter
1237,16/12/19,AM Period,10360,MONDAY,WEEKDAY,0,12,Winter
1242,16/12/19,Night,6808,MONDAY,WEEKDAY,0,12,Winter
246,17/12/19,PM Period,21064,TUESDAY,WEEKDAY,0,12,Winter
939,17/12/19,Lunch Period,11099,TUESDAY,WEEKDAY,0,12,Winter
1197,17/12/19,AM Period,10714,TUESDAY,WEEKDAY,0,12,Winter
1456,17/12/19,Night,8203,TUESDAY,WEEKDAY,0,12,Winter
50,18/12/19,AM Period,11608,WEDNESDAY,WEEKDAY,0,12,Winter
876,18/12/19,Lunch Period,12013,WEDNESDAY,WEEKDAY,0,12,Winter
1093,18/12/19,PM Period,22215,WEDNESDAY,WEEKDAY,0,12,Winter
1094,18/12/19,Night,9280,WEDNESDAY,WEEKDAY,0,12,Winter
471,19/12/19,PM Period,22560,THURSDAY,WEEKDAY,0,12,Winter
572,19/12/19,AM Period,11246,THURSDAY,WEEKDAY,0,12,Winter
657,19/12/19,Lunch Period,11668,THURSDAY,WEEKDAY,0,12,Winter
879,19/12/19,Night,11107,THURSDAY,WEEKDAY,0,12,Winter
249,20/12/19,AM Period,9383,FRIDAY,WEEKDAY,0,12,Winter
715,20/12/19,Lunch Period,10771,FRIDAY,WEEKDAY,0,12,Winter
821,20/12/19,PM Period,20699,FRIDAY,WEEKDAY,0,12,Winter
1238,20/12/19,Night,11282,FRIDAY,WEEKDAY,0,12,Winter
51,21/12/19,Night,11714,SATURDAY,WEEKEND,0,12,Winter
616,21/12/19,AM Period,3444,SATURDAY,WEEKEND,0,12,Winter
1240,21/12/19,PM Period,10961,SATURDAY,WEEKEND,0,12,Winter
1345,21/12/19,Lunch Period,5178,SATURDAY,WEEKEND,0,12,Winter
474,22/12/19,AM Period,3373,SUNDAY,WEEKEND,0,12,Winter
1200,22/12/19,PM Period,8803,SUNDAY,WEEKEND,0,12,Winter
1294,22/12/19,Lunch Period,4373,SUNDAY,WEEKEND,0,12,Winter
1297,22/12/19,Night,9895,SUNDAY,WEEKEND,0,12,Winter
766,23/12/19,AM Period,6332,MONDAY,WEEKDAY,0,12,Winter
877,23/12/19,Night,5300,MONDAY,WEEKDAY,0,12,Winter
1034,23/12/19,Lunch Period,7707,MONDAY,WEEKDAY,0,12,Winter
1403,23/12/19,PM Period,13658,MONDAY,WEEKDAY,0,12,Winter
207,24/12/19,Lunch Period,5031,TUESDAY,WEEKDAY,0,12,Winter
247,24/12/19,PM Period,6832,TUESDAY,WEEKDAY,0,12,Winter
316,24/12/19,AM Period,3748,TUESDAY,WEEKDAY,0,12,Winter
819,24/12/19,Night,3464,TUESDAY,WEEKDAY,0,12,Winter
52,25/12/19,Lunch Period,1676,WEDNESDAY,WEEKDAY,1,12,Winter
250,25/12/19,PM Period,3162,WEDNESDAY,WEEKDAY,1,12,Winter
882,25/12/19,AM Period,1271,WEDNESDAY,WEEKDAY,1,12,Winter
1299,25/12/19,Night,2514,WEDNESDAY,WEEKDAY,1,12,Winter
317,26/12/19,PM Period,9289,THURSDAY,WEEKDAY,0,12,Winter
765,26/12/19,Night,4165,THURSDAY,WEEKDAY,0,12,Winter
1036,26/12/19,Lunch Period,4577,THURSDAY,WEEKDAY,0,12,Winter
1406,26/12/19,AM Period,3749,THURSDAY,WEEKDAY,0,12,Winter
248,27/12/19,PM Period,12471,FRIDAY,WEEKDAY,0,12,Winter
615,27/12/19,AM Period,4739,FRIDAY,WEEKDAY,0,12,Winter
820,27/12/19,Lunch Period,6373,FRIDAY,WEEKDAY,0,12,Winter
1405,27/12/19,Night,6429,FRIDAY,WEEKDAY,0,12,Winter
988,28/12/19,PM Period,9405,SATURDAY,WEEKEND,0,12,Winter
1037,28/12/19,Lunch Period,4426,SATURDAY,WEEKEND,0,12,Winter
1241,28/12/19,Night,8844,SATURDAY,WEEKEND,0,12,Winter
1455,28/12/19,AM Period,2678,SATURDAY,WEEKEND,0,12,Winter
661,29/12/19,AM Period,2676,SUNDAY,WEEKEND,0,12,Winter
716,29/12/19,Lunch Period,3612,SUNDAY,WEEKEND,0,12,Winter
1143,29/12/19,Night,8200,SUNDAY,WEEKEND,0,12,Winter
1342,29/12/19,PM Period,7007,SUNDAY,WEEKEND,0,12,Winter
329,30/12/19,Night,5684,MONDAY,WEEKDAY,0,12,Winter
776,30/12/19,AM Period,5656,MONDAY,WEEKDAY,0,12,Winter
893,30/12/19,Lunch Period,6717,MONDAY,WEEKDAY,0,12,Winter
1310,30/12/19,PM Period,12497,MONDAY,WEEKDAY,0,12,Winter
530,31/12/19,Night,215,TUESDAY,WEEKDAY,0,12,Winter